0;0;0;0;0;0;0;0;0;0;0;0;0;0;0;0;0;0;0;0;0;0;0;0;0;0;0;0;0;0;0;0;0;0;0;0;0;0;0;0;0;0;0;0;0;0;0;0;0;0;0;0;0;0;0;0;0;0;0;0;0;0;0;0;0;0;0;0;0;0;0;0;0;0;0;0;0;0;0;0;0;0;0;0;0;0;0;0;0;0;0;0;0;0;0;0;0;0;0;0;0
0;0.001664;0.003325;0.004977;0.006615;0.008234;0.009831;0.0114;0.01293;0.01441;0.01584;0.01722;0.01851;0.01971;0.02083;0.02184;0.02273;0.02349;0.02411;0.02459;0.02494;0.02513;0.02517;0.02508;0.02485;0.02449;0.02403;0.02345;0.02278;0.02203;0.02121;0.02034;0.01941;0.01844;0.01743;0.0164;0.01536;0.01429;0.01322;0.01214;0.01105;0.009965;0.008874;0.007781;0.006686;0.005592;0.004499;0.00341;0.002323;0.001236;0.0001465;-0.0009424;-0.002033;-0.003123;-0.004214;-0.005307;-0.006402;-0.007499;-0.008596;-0.009693;-0.01079;-0.01188;-0.01297;-0.01405;-0.01512;-0.01618;-0.01721;-0.01822;-0.0192;-0.02014;-0.02103;-0.02185;-0.02261;-0.02329;-0.02387;-0.02435;-0.02471;-0.02495;-0.02505;-0.02501;-0.02483;-0.0245;-0.02403;-0.02341;-0.02265;-0.02177;-0.02077;-0.01966;-0.01846;-0.01717;-0.01581;-0.01438;-0.0129;-0.01137;-0.00981;-0.008216;-0.006599;-0.004965;-0.003317;-0.00166;0
0;0.003333;0.006657;0.009964;0.01325;0.01649;0.01969;0.02283;0.0259;0.02888;0.03176;0.0345;0.0371;0.03953;0.04177;0.04379;0.04558;0.04711;0.04836;0.04933;0.05001;0.05039;0.05048;0.05028;0.04982;0.0491;0.04815;0.04699;0.04564;0.04413;0.04248;0.04071;0.03884;0.0369;0.03488;0.03282;0.03072;0.02859;0.02644;0.02428;0.0221;0.01992;0.01774;0.01555;0.01336;0.01118;0.008993;0.006815;0.004639;0.002462;0.0002851;-0.001892;-0.004071;-0.006251;-0.008434;-0.01062;-0.01281;-0.015;-0.0172;-0.01939;-0.02159;-0.02377;-0.02595;-0.02812;-0.03026;-0.03238;-0.03446;-0.03648;-0.03845;-0.04033;-0.04211;-0.04378;-0.04531;-0.04667;-0.04785;-0.04882;-0.04955;-0.05004;-0.05025;-0.05018;-0.04981;-0.04915;-0.04819;-0.04695;-0.04543;-0.04366;-0.04165;-0.03942;-0.037;-0.03441;-0.03168;-0.02881;-0.02584;-0.02278;-0.01965;-0.01646;-0.01322;-0.009942;-0.006642;-0.003325;0
0;0.005008;0.01;0.01498;0.01991;0.02479;0.02961;0.03434;0.03896;0.04346;0.04779;0.05193;0.05586;0.05953;0.06292;0.06598;0.06868;0.071;0.07289;0.07436;0.07538;0.07594;0.07606;0.07576;0.07503;0.07393;0.07247;0.0707;0.06865;0.06636;0.06386;0.06118;0.05836;0.05541;0.05238;0.04927;0.04611;0.0429;0.03967;0.03642;0.03315;0.02987;0.02659;0.02331;0.02003;0.01675;0.01348;0.01021;0.006945;0.003682;0.0004187;-0.002845;-0.006112;-0.009383;-0.01266;-0.01594;-0.01922;-0.02251;-0.0258;-0.0291;-0.03239;-0.03568;-0.03895;-0.04221;-0.04544;-0.04862;-0.05175;-0.05481;-0.05777;-0.06062;-0.06332;-0.06585;-0.06817;-0.07024;-0.07204;-0.07352;-0.07465;-0.07539;-0.07573;-0.07563;-0.07509;-0.07409;-0.07265;-0.07077;-0.06847;-0.06579;-0.06275;-0.05938;-0.05572;-0.05181;-0.04768;-0.04336;-0.03888;-0.03427;-0.02955;-0.02474;-0.01987;-0.01495;-0.009983;-0.004998;0
0;0.006695;0.01338;0.02003;0.02663;0.03316;0.03961;0.04595;0.05216;0.05818;0.06401;0.06958;0.07487;0.07982;0.08438;0.08852;0.09217;0.09529;0.09786;0.09982;0.1012;0.1019;0.1021;0.1016;0.1006;0.0991;0.09711;0.09469;0.0919;0.08879;0.0854;0.08178;0.07798;0.07402;0.06994;0.06577;0.06153;0.05724;0.05292;0.04856;0.04419;0.03982;0.03544;0.03106;0.02669;0.02232;0.01795;0.01359;0.009243;0.004895;0.0005462;-0.003804;-0.008159;-0.01252;-0.01688;-0.02125;-0.02563;-0.03002;-0.03441;-0.03881;-0.04321;-0.0476;-0.05198;-0.05633;-0.06066;-0.06493;-0.06913;-0.07323;-0.07722;-0.08106;-0.08471;-0.08813;-0.09127;-0.0941;-0.09655;-0.09857;-0.1001;-0.1012;-0.1016;-0.1015;-0.1008;-0.09948;-0.09754;-0.095;-0.0919;-0.08828;-0.08417;-0.07962;-0.07469;-0.06942;-0.06386;-0.05806;-0.05204;-0.04586;-0.03953;-0.0331;-0.02657;-0.01999;-0.01335;-0.006682;0
0;0.008397;0.01678;0.02512;0.03341;0.04162;0.04972;0.0577;0.06551;0.07312;0.08047;0.08752;0.09421;0.1005;0.1063;0.1115;0.1162;0.1201;0.1234;0.1259;0.1276;0.1285;0.1287;0.1281;0.1267;0.1247;0.1222;0.119;0.1155;0.1115;0.1072;0.1026;0.09774;0.09274;0.08759;0.08234;0.077;0.07161;0.06617;0.06071;0.05523;0.04975;0.04427;0.0388;0.03333;0.02787;0.02241;0.01697;0.01153;0.006099;0.0006664;-0.004767;-0.01021;-0.01565;-0.0211;-0.02657;-0.03204;-0.03753;-0.04302;-0.04853;-0.05403;-0.05954;-0.06503;-0.0705;-0.07593;-0.0813;-0.08659;-0.09178;-0.09682;-0.1017;-0.1063;-0.1107;-0.1147;-0.1183;-0.1215;-0.1241;-0.1261;-0.1275;-0.1281;-0.128;-0.1272;-0.1255;-0.123;-0.1198;-0.1159;-0.1112;-0.106;-0.1003;-0.094;-0.08733;-0.08029;-0.07296;-0.06538;-0.05759;-0.04963;-0.04154;-0.03335;-0.02507;-0.01674;-0.008381;0
0;0.01012;0.02021;0.03027;0.04027;0.05017;0.05997;0.06961;0.07907;0.08829;0.09723;0.1058;0.114;0.1216;0.1287;0.1352;0.1408;0.1457;0.1497;0.1527;0.1548;0.1559;0.156;0.1552;0.1535;0.151;0.1477;0.1438;0.1394;0.1345;0.1292;0.1236;0.1177;0.1116;0.1053;0.09898;0.09252;0.086;0.07944;0.07286;0.06627;0.05968;0.0531;0.04652;0.03995;0.0334;0.02686;0.02033;0.01381;0.007294;0.0007814;-0.005733;-0.01226;-0.01878;-0.02533;-0.03188;-0.03845;-0.04503;-0.05163;-0.05825;-0.06487;-0.07149;-0.07811;-0.0847;-0.09126;-0.09776;-0.1042;-0.1105;-0.1166;-0.1225;-0.1282;-0.1336;-0.1385;-0.143;-0.1469;-0.1502;-0.1528;-0.1545;-0.1554;-0.1553;-0.1543;-0.1523;-0.1493;-0.1453;-0.1405;-0.1348;-0.1284;-0.1214;-0.1137;-0.1056;-0.09703;-0.08812;-0.07892;-0.06949;-0.05986;-0.05009;-0.04019;-0.03022;-0.02018;-0.0101;0
0;0.01185;0.02369;0.03548;0.04721;0.05885;0.07036;0.08172;0.09286;0.1038;0.1143;0.1245;0.1342;0.1434;0.1518;0.1595;0.1663;0.1722;0.1769;0.1806;0.183;0.1842;0.1843;0.1832;0.181;0.1779;0.1739;0.1692;0.1638;0.1579;0.1516;0.1448;0.1378;0.1306;0.1232;0.1157;0.1081;0.1004;0.09273;0.08502;0.0773;0.0696;0.0619;0.05422;0.04656;0.03891;0.03128;0.02367;0.01607;0.00848;0.000889;-0.006704;-0.0143;-0.02191;-0.02954;-0.03718;-0.04484;-0.05253;-0.06023;-0.06796;-0.0757;-0.08346;-0.09121;-0.09895;-0.1067;-0.1143;-0.1219;-0.1293;-0.1366;-0.1437;-0.1504;-0.1569;-0.1628;-0.1683;-0.1731;-0.1771;-0.1803;-0.1825;-0.1836;-0.1836;-0.1824;-0.18;-0.1765;-0.1717;-0.1659;-0.1592;-0.1515;-0.1431;-0.1339;-0.1243;-0.1141;-0.1036;-0.0927;-0.08157;-0.07024;-0.05875;-0.04713;-0.03542;-0.02365;-0.01183;0
0;0.01361;0.0272;0.04075;0.05424;0.06764;0.08091;0.09402;0.1069;0.1195;0.1318;0.1437;0.155;0.1657;0.1757;0.1848;0.1928;0.1997;0.2053;0.2096;0.2124;0.2137;0.2137;0.2122;0.2095;0.2057;0.2009;0.1952;0.1888;0.1818;0.1743;0.1664;0.1582;0.1498;0.1412;0.1325;0.1237;0.1149;0.106;0.09717;0.08832;0.07949;0.07068;0.06189;0.05313;0.0444;0.03569;0.027;0.01832;0.009653;0.0009906;-0.007673;-0.01635;-0.02503;-0.03374;-0.04247;-0.05122;-0.06;-0.06882;-0.07766;-0.08653;-0.09542;-0.1043;-0.1132;-0.1221;-0.1309;-0.1397;-0.1483;-0.1568;-0.1651;-0.173;-0.1806;-0.1877;-0.1942;-0.1999;-0.2048;-0.2087;-0.2114;-0.2129;-0.2131;-0.2117;-0.209;-0.2048;-0.1992;-0.1924;-0.1844;-0.1753;-0.1654;-0.1547;-0.1434;-0.1316;-0.1193;-0.1067;-0.09387;-0.08078;-0.06753;-0.05416;-0.04069;-0.02716;-0.01359;0
0;0.01539;0.03076;0.04609;0.06137;0.07655;0.09162;0.1065;0.1212;0.1357;0.1497;0.1634;0.1765;0.1889;0.2004;0.211;0.2204;0.2285;0.235;0.24;0.2432;0.2447;0.2444;0.2425;0.2392;0.2345;0.2287;0.2219;0.2143;0.2061;0.1974;0.1882;0.1788;0.1691;0.1593;0.1494;0.1394;0.1293;0.1193;0.1093;0.09931;0.08935;0.07942;0.06953;0.05967;0.04985;0.04006;0.0303;0.02055;0.01082;0.001088;-0.008643;-0.01838;-0.02814;-0.03792;-0.04773;-0.05758;-0.06746;-0.07738;-0.08734;-0.09735;-0.1074;-0.1175;-0.1275;-0.1376;-0.1477;-0.1576;-0.1675;-0.1773;-0.1868;-0.196;-0.2048;-0.2131;-0.2208;-0.2276;-0.2335;-0.2383;-0.2417;-0.2436;-0.2439;-0.2425;-0.2394;-0.2345;-0.228;-0.22;-0.2106;-0.2001;-0.1885;-0.1762;-0.1631;-0.1495;-0.1355;-0.1211;-0.1064;-0.09149;-0.07644;-0.06127;-0.04602;-0.03071;-0.01537;0
0;0.01718;0.03435;0.05149;0.06857;0.08558;0.1025;0.1193;0.1358;0.1521;0.1681;0.1836;0.1986;0.2128;0.2262;0.2384;0.2494;0.2588;0.2664;0.2721;0.2758;0.2773;0.2768;0.2743;0.2701;0.2644;0.2575;0.2494;0.2405;0.2309;0.2208;0.2103;0.1996;0.1886;0.1775;0.1663;0.155;0.1438;0.1326;0.1214;0.1103;0.09916;0.08812;0.07712;0.06617;0.05527;0.0444;0.03357;0.02276;0.01197;0.001179;-0.009611;-0.02041;-0.03123;-0.04208;-0.05297;-0.0639;-0.07487;-0.0859;-0.09699;-0.1081;-0.1193;-0.1306;-0.1418;-0.1531;-0.1644;-0.1757;-0.1869;-0.1979;-0.2088;-0.2194;-0.2295;-0.2392;-0.2482;-0.2563;-0.2634;-0.2692;-0.2734;-0.276;-0.2765;-0.2751;-0.2715;-0.2658;-0.2582;-0.2489;-0.238;-0.2258;-0.2125;-0.1983;-0.1834;-0.1679;-0.1519;-0.1356;-0.1191;-0.1024;-0.08547;-0.06848;-0.05142;-0.0343;-0.01716;0
0;0.01899;0.03797;0.05693;0.07585;0.09472;0.1135;0.1322;0.1507;0.1689;0.1869;0.2044;0.2214;0.2377;0.253;0.2672;0.2799;0.2908;0.2997;0.3063;0.3104;0.312;0.3111;0.3079;0.3026;0.2957;0.2873;0.2778;0.2674;0.2563;0.2447;0.2327;0.2205;0.2082;0.1957;0.1832;0.1707;0.1582;0.1458;0.1334;0.1211;0.1089;0.09675;0.08465;0.07262;0.06064;0.0487;0.03681;0.02494;0.0131;0.001262;-0.01058;-0.02243;-0.03431;-0.04622;-0.05817;-0.07018;-0.08225;-0.09438;-0.1066;-0.1189;-0.1312;-0.1437;-0.1561;-0.1687;-0.1813;-0.1938;-0.2064;-0.2188;-0.2311;-0.2431;-0.2548;-0.266;-0.2765;-0.2861;-0.2946;-0.3016;-0.3069;-0.3102;-0.3112;-0.3097;-0.3057;-0.2991;-0.2903;-0.2794;-0.2667;-0.2526;-0.2373;-0.2211;-0.2042;-0.1867;-0.1687;-0.1505;-0.132;-0.1134;-0.0946;-0.07576;-0.05686;-0.03792;-0.01897;0
0;0.02081;0.04161;0.06241;0.08319;0.1039;0.1246;0.1453;0.1658;0.1861;0.2061;0.2258;0.245;0.2635;0.281;0.2973;0.3121;0.3249;0.3353;0.343;0.3476;0.3491;0.3476;0.3434;0.3368;0.3283;0.3183;0.307;0.2949;0.2821;0.2689;0.2554;0.2417;0.2279;0.214;0.2002;0.1864;0.1726;0.159;0.1454;0.132;0.1186;0.1053;0.09211;0.07899;0.06594;0.05295;0.04001;0.0271;0.01421;0.001336;-0.01154;-0.02443;-0.03736;-0.05032;-0.06333;-0.07641;-0.08956;-0.1028;-0.1161;-0.1295;-0.1431;-0.1567;-0.1704;-0.1842;-0.1981;-0.212;-0.2259;-0.2398;-0.2536;-0.2672;-0.2806;-0.2934;-0.3057;-0.317;-0.3271;-0.3358;-0.3424;-0.3468;-0.3483;-0.3469;-0.3423;-0.3347;-0.3244;-0.3116;-0.2969;-0.2806;-0.2631;-0.2447;-0.2255;-0.2059;-0.1858;-0.1656;-0.1451;-0.1245;-0.1038;-0.08309;-0.06234;-0.04156;-0.02078;0
0;0.02263;0.04526;0.0679;0.09055;0.1132;0.1358;0.1585;0.181;0.2034;0.2257;0.2477;0.2692;0.2902;0.3102;0.3291;0.3463;0.3613;0.3736;0.3827;0.3879;0.3893;0.3869;0.3813;0.373;0.3625;0.3504;0.3371;0.323;0.3084;0.2934;0.2782;0.2629;0.2476;0.2323;0.217;0.2019;0.1869;0.172;0.1573;0.1426;0.1281;0.1138;0.09947;0.08528;0.07118;0.05714;0.04316;0.02922;0.01531;0.001407;-0.0125;-0.02642;-0.04037;-0.05437;-0.06843;-0.08257;-0.09679;-0.1111;-0.1256;-0.1401;-0.1548;-0.1696;-0.1846;-0.1996;-0.2148;-0.2301;-0.2455;-0.261;-0.2764;-0.2917;-0.3068;-0.3215;-0.3357;-0.3491;-0.3613;-0.3719;-0.3803;-0.3861;-0.3885;-0.3872;-0.382;-0.3731;-0.3608;-0.3458;-0.3287;-0.3098;-0.2898;-0.2689;-0.2474;-0.2255;-0.2032;-0.1808;-0.1583;-0.1357;-0.1131;-0.09045;-0.06783;-0.04521;-0.0226;0
0;0.02445;0.0489;0.07339;0.09791;0.1225;0.1471;0.1717;0.1964;0.221;0.2456;0.27;0.2941;0.3178;0.3407;0.3624;0.3826;0.4005;0.4153;0.4261;0.4321;0.4332;0.4295;0.4219;0.4112;0.3982;0.3837;0.3681;0.3517;0.335;0.3181;0.3011;0.2841;0.2672;0.2504;0.2338;0.2173;0.2011;0.1849;0.169;0.1532;0.1376;0.1221;0.1067;0.09149;0.07634;0.06127;0.04626;0.03131;0.01638;0.001474;-0.01344;-0.02837;-0.04334;-0.05837;-0.07346;-0.08864;-0.1039;-0.1193;-0.1349;-0.1506;-0.1664;-0.1824;-0.1986;-0.215;-0.2315;-0.2482;-0.2651;-0.2821;-0.2992;-0.3163;-0.3333;-0.3502;-0.3666;-0.3823;-0.397;-0.4101;-0.4209;-0.4286;-0.4324;-0.4315;-0.4255;-0.4147;-0.4;-0.3822;-0.362;-0.3403;-0.3174;-0.2938;-0.2697;-0.2453;-0.2208;-0.1962;-0.1715;-0.1469;-0.1224;-0.09781;-0.07332;-0.04886;-0.02442;0
0;0.02625;0.05252;0.07884;0.1052;0.1317;0.1583;0.185;0.2117;0.2386;0.2656;0.2926;0.3194;0.3461;0.3722;0.3974;0.4212;0.4428;0.4609;0.4742;0.4814;0.4818;0.4761;0.4656;0.4517;0.4356;0.418;0.3996;0.3808;0.3619;0.3429;0.324;0.3053;0.2867;0.2684;0.2504;0.2326;0.215;0.1977;0.1805;0.1636;0.1469;0.1303;0.1139;0.09758;0.08141;0.06532;0.04931;0.03336;0.01744;0.001534;-0.01437;-0.0303;-0.04627;-0.0623;-0.07841;-0.09462;-0.111;-0.1274;-0.1441;-0.1609;-0.1778;-0.195;-0.2125;-0.2301;-0.248;-0.2662;-0.2845;-0.3032;-0.322;-0.341;-0.3601;-0.3792;-0.3982;-0.4166;-0.4343;-0.4506;-0.4646;-0.4752;-0.481;-0.4807;-0.4736;-0.4604;-0.4423;-0.4208;-0.3971;-0.3719;-0.3458;-0.3192;-0.2923;-0.2654;-0.2384;-0.2116;-0.1848;-0.1581;-0.1316;-0.1051;-0.07877;-0.05247;-0.02622;0
0;0.02803;0.05609;0.08422;0.1124;0.1408;0.1694;0.1981;0.227;0.2562;0.2856;0.3152;0.345;0.3749;0.4046;0.4339;0.4622;0.4885;0.5113;0.5285;0.5374;0.5365;0.5274;0.5126;0.4944;0.4743;0.4532;0.4317;0.4101;0.3887;0.3675;0.3467;0.3262;0.306;0.2862;0.2667;0.2476;0.2287;0.2102;0.1919;0.1738;0.156;0.1383;0.1209;0.1036;0.08637;0.06929;0.05229;0.03536;0.01847;0.001591;-0.01529;-0.03219;-0.04914;-0.06616;-0.08327;-0.1005;-0.1178;-0.1354;-0.1531;-0.171;-0.1891;-0.2075;-0.2261;-0.245;-0.2643;-0.2838;-0.3038;-0.324;-0.3446;-0.3656;-0.3869;-0.4085;-0.4302;-0.4518;-0.473;-0.4933;-0.5116;-0.5265;-0.5358;-0.5368;-0.5279;-0.5108;-0.488;-0.4618;-0.4336;-0.4043;-0.3746;-0.3448;-0.315;-0.2854;-0.256;-0.2269;-0.1979;-0.1692;-0.1407;-0.1124;-0.08415;-0.05604;-0.028;0
0;0.02977;0.05958;0.08949;0.1195;0.1498;0.1802;0.211;0.2421;0.2735;0.3054;0.3377;0.3706;0.4038;0.4375;0.4714;0.505;0.5376;0.5673;0.591;0.6034;0.5995;0.5843;0.5631;0.5391;0.514;0.4887;0.4638;0.4392;0.4153;0.3919;0.369;0.3467;0.3249;0.3036;0.2827;0.2623;0.2422;0.2224;0.203;0.1838;0.1649;0.1462;0.1277;0.1094;0.09122;0.07316;0.0552;0.03731;0.01947;0.001641;-0.01619;-0.03404;-0.05195;-0.06993;-0.08802;-0.1062;-0.1246;-0.1431;-0.1619;-0.1808;-0.2001;-0.2196;-0.2394;-0.2596;-0.2802;-0.3012;-0.3226;-0.3445;-0.3669;-0.3899;-0.4134;-0.4376;-0.4622;-0.4873;-0.5127;-0.538;-0.5622;-0.5835;-0.5988;-0.6028;-0.5905;-0.5669;-0.5372;-0.5047;-0.4711;-0.4372;-0.4036;-0.3703;-0.3375;-0.3052;-0.2734;-0.2419;-0.2109;-0.1801;-0.1497;-0.1195;-0.08943;-0.05954;-0.02975;0
0;0.03147;0.06299;0.09463;0.1264;0.1585;0.1908;0.2236;0.2567;0.2904;0.3248;0.3598;0.3956;0.4324;0.4702;0.509;0.549;0.5896;0.6295;0.6648;0.6855;0.6737;0.6473;0.6164;0.5848;0.5538;0.524;0.4954;0.4678;0.4413;0.4156;0.3908;0.3668;0.3434;0.3206;0.2983;0.2766;0.2552;0.2343;0.2137;0.1935;0.1736;0.1538;0.1344;0.1151;0.09594;0.07693;0.05803;0.03921;0.02044;0.001687;-0.01707;-0.03585;-0.05469;-0.07361;-0.09265;-0.1118;-0.1312;-0.1507;-0.1705;-0.1905;-0.2108;-0.2314;-0.2524;-0.2739;-0.2957;-0.3181;-0.341;-0.3645;-0.3887;-0.4136;-0.4394;-0.4661;-0.4938;-0.5226;-0.5526;-0.5837;-0.6155;-0.6466;-0.6731;-0.6851;-0.6644;-0.6291;-0.5893;-0.5487;-0.5088;-0.4699;-0.4321;-0.3954;-0.3596;-0.3246;-0.2903;-0.2566;-0.2234;-0.1907;-0.1584;-0.1264;-0.09457;-0.06295;-0.03145;0
0;0.0331;0.06628;0.09959;0.1331;0.1669;0.2011;0.2357;0.2709;0.3067;0.3434;0.381;0.4197;0.4599;0.5017;0.5457;0.5923;0.6423;0.6962;0.7531;0.8003;0.7624;0.7149;0.6703;0.6297;0.5926;0.5581;0.5258;0.4953;0.4663;0.4386;0.4119;0.3861;0.3612;0.337;0.3134;0.2904;0.2679;0.2458;0.2242;0.2029;0.182;0.1613;0.1408;0.1206;0.1005;0.08059;0.06078;0.04105;0.02138;0.001728;-0.01792;-0.03761;-0.05735;-0.07719;-0.09714;-0.1172;-0.1375;-0.158;-0.1788;-0.1998;-0.2212;-0.2429;-0.265;-0.2876;-0.3107;-0.3344;-0.3588;-0.3838;-0.4097;-0.4365;-0.4644;-0.4936;-0.5243;-0.5567;-0.5913;-0.6287;-0.6695;-0.7143;-0.7619;-0.8;-0.7528;-0.696;-0.642;-0.592;-0.5454;-0.5015;-0.4597;-0.4195;-0.3808;-0.3432;-0.3066;-0.2708;-0.2356;-0.201;-0.1668;-0.133;-0.09953;-0.06624;-0.03309;0
0;0.03467;0.06943;0.1043;0.1395;0.175;0.2109;0.2473;0.2844;0.3222;0.3611;0.4011;0.4425;0.4857;0.5312;0.5796;0.6322;0.6909;0.7601;0.851;1;0.8608;0.7797;0.7202;0.6713;0.6286;0.59;0.5545;0.5214;0.4901;0.4604;0.432;0.4047;0.3783;0.3527;0.3279;0.3037;0.2801;0.257;0.2343;0.212;0.1901;0.1684;0.1471;0.1259;0.1049;0.08412;0.06343;0.04283;0.02228;0.001765;-0.01876;-0.03931;-0.05993;-0.08065;-0.1015;-0.1225;-0.1437;-0.1651;-0.1868;-0.2088;-0.2312;-0.254;-0.2772;-0.3009;-0.3252;-0.3501;-0.3758;-0.4023;-0.4298;-0.4583;-0.4882;-0.5196;-0.553;-0.5886;-0.6274;-0.6703;-0.7194;-0.7791;-0.8605;-1;-0.8509;-0.76;-0.6907;-0.632;-0.5794;-0.531;-0.4855;-0.4423;-0.4009;-0.3609;-0.3221;-0.2842;-0.2472;-0.2108;-0.1749;-0.1394;-0.1043;-0.06939;-0.03466;0
0;0.03617;0.07242;0.1088;0.1455;0.1826;0.2201;0.2582;0.297;0.3368;0.3776;0.4197;0.4634;0.5092;0.5576;0.6095;0.666;0.7291;0.8024;0.8909;1;0.9011;0.8227;0.7596;0.7066;0.6604;0.6189;0.5809;0.5456;0.5124;0.4809;0.451;0.4222;0.3945;0.3677;0.3417;0.3165;0.2918;0.2676;0.244;0.2207;0.1979;0.1753;0.1531;0.131;0.1092;0.08753;0.06599;0.04454;0.02315;0.001798;-0.01956;-0.04096;-0.06242;-0.08399;-0.1057;-0.1276;-0.1496;-0.172;-0.1946;-0.2175;-0.2408;-0.2646;-0.2888;-0.3136;-0.339;-0.3651;-0.392;-0.4198;-0.4487;-0.4789;-0.5104;-0.5438;-0.5793;-0.6175;-0.6592;-0.7056;-0.7588;-0.8221;-0.9008;-1;-0.8909;-0.8022;-0.729;-0.6658;-0.6093;-0.5575;-0.5091;-0.4633;-0.4196;-0.3774;-0.3367;-0.2969;-0.2581;-0.22;-0.1825;-0.1455;-0.1088;-0.07239;-0.03615;0
0;0.03757;0.07524;0.1131;0.1512;0.1897;0.2288;0.2684;0.3088;0.3502;0.3928;0.4367;0.4824;0.5302;0.5807;0.6346;0.693;0.7573;0.8292;0.9104;1;0.9209;0.8503;0.7889;0.7352;0.6875;0.6442;0.6045;0.5676;0.5329;0.5;0.4687;0.4387;0.4098;0.3819;0.3549;0.3286;0.3029;0.2778;0.2532;0.2291;0.2053;0.1819;0.1588;0.1359;0.1133;0.09079;0.06844;0.04618;0.02399;0.001826;-0.02034;-0.04254;-0.06482;-0.0872;-0.1097;-0.1324;-0.1553;-0.1785;-0.202;-0.2258;-0.25;-0.2747;-0.2999;-0.3257;-0.3521;-0.3793;-0.4073;-0.4363;-0.4665;-0.4979;-0.5309;-0.5658;-0.6029;-0.6428;-0.6863;-0.7343;-0.7882;-0.8498;-0.9207;-1;-0.9103;-0.8291;-0.7572;-0.6929;-0.6345;-0.5806;-0.5301;-0.4822;-0.4366;-0.3926;-0.3501;-0.3088;-0.2683;-0.2287;-0.1897;-0.1512;-0.113;-0.07521;-0.03756;0
0;0.03889;0.07787;0.117;0.1565;0.1964;0.2368;0.2778;0.3197;0.3625;0.4065;0.452;0.4992;0.5484;0.6003;0.6553;0.7142;0.7778;0.8468;0.9214;1;0.9323;0.8687;0.8106;0.7579;0.71;0.6661;0.6254;0.5873;0.5515;0.5175;0.4851;0.4541;0.4242;0.3953;0.3673;0.34;0.3135;0.2875;0.262;0.237;0.2125;0.1882;0.1643;0.1406;0.1172;0.09391;0.07078;0.04775;0.02478;0.00185;-0.02109;-0.04406;-0.06712;-0.09028;-0.1136;-0.1371;-0.1608;-0.1848;-0.2091;-0.2337;-0.2588;-0.2843;-0.3104;-0.3371;-0.3645;-0.3926;-0.4216;-0.4517;-0.4829;-0.5154;-0.5495;-0.5855;-0.6238;-0.6647;-0.7088;-0.7569;-0.8098;-0.8681;-0.932;-1;-0.9214;-0.8468;-0.7778;-0.7141;-0.6552;-0.6002;-0.5483;-0.4991;-0.4519;-0.4064;-0.3624;-0.3196;-0.2778;-0.2367;-0.1963;-0.1565;-0.117;-0.07785;-0.03887;0
0;0.04011;0.08031;0.1207;0.1614;0.2025;0.2442;0.2865;0.3296;0.3736;0.4189;0.4655;0.5138;0.5641;0.6167;0.6721;0.7307;0.7929;0.8589;0.9284;1;0.9396;0.8814;0.8267;0.7758;0.7286;0.6846;0.6435;0.6048;0.5683;0.5335;0.5002;0.4683;0.4375;0.4077;0.3789;0.3508;0.3234;0.2966;0.2704;0.2446;0.2192;0.1942;0.1695;0.1451;0.1209;0.09689;0.07301;0.04924;0.02554;0.00187;-0.0218;-0.04552;-0.06931;-0.09321;-0.1173;-0.1415;-0.166;-0.1907;-0.2158;-0.2412;-0.2671;-0.2934;-0.3203;-0.3478;-0.376;-0.405;-0.4349;-0.4658;-0.4979;-0.5313;-0.5663;-0.6031;-0.6419;-0.6832;-0.7274;-0.7749;-0.826;-0.8809;-0.9394;-1;-0.9283;-0.8589;-0.7929;-0.7307;-0.672;-0.6167;-0.564;-0.5137;-0.4654;-0.4188;-0.3736;-0.3295;-0.2864;-0.2441;-0.2025;-0.1614;-0.1207;-0.08029;-0.0401;0
0;0.04123;0.08255;0.1241;0.1659;0.2081;0.2509;0.2943;0.3385;0.3836;0.4299;0.4774;0.5265;0.5774;0.6304;0.6857;0.7436;0.8043;0.8676;0.9331;1;0.9447;0.8908;0.8391;0.7901;0.7439;0.7004;0.6592;0.6203;0.5832;0.5478;0.5139;0.4813;0.4498;0.4193;0.3897;0.3609;0.3327;0.3052;0.2782;0.2517;0.2256;0.1999;0.1745;0.1493;0.1244;0.09971;0.07513;0.05066;0.02626;0.001887;-0.02249;-0.0469;-0.07139;-0.096;-0.1208;-0.1457;-0.1709;-0.1964;-0.2222;-0.2483;-0.2749;-0.302;-0.3296;-0.3579;-0.3868;-0.4166;-0.4472;-0.4788;-0.5116;-0.5457;-0.5812;-0.6185;-0.6576;-0.6989;-0.7427;-0.7891;-0.8383;-0.8903;-0.9445;-1;-0.9331;-0.8675;-0.8042;-0.7436;-0.6857;-0.6303;-0.5774;-0.5265;-0.4773;-0.4298;-0.3835;-0.3384;-0.2942;-0.2508;-0.2081;-0.1659;-0.124;-0.08253;-0.04122;0
0;0.04225;0.0846;0.1271;0.17;0.2132;0.2569;0.3013;0.3464;0.3924;0.4395;0.4878;0.5374;0.5887;0.6418;0.6967;0.7538;0.8129;0.874;0.9366;1;0.9485;0.8978;0.8487;0.8016;0.7565;0.7136;0.6728;0.6338;0.5965;0.5607;0.5263;0.4932;0.4611;0.43;0.3997;0.3702;0.3414;0.3132;0.2856;0.2584;0.2316;0.2052;0.1791;0.1533;0.1278;0.1024;0.07713;0.052;0.02693;0.0019;-0.02314;-0.04821;-0.07337;-0.09864;-0.1241;-0.1497;-0.1755;-0.2017;-0.2281;-0.255;-0.2823;-0.31;-0.3383;-0.3672;-0.3968;-0.4272;-0.4585;-0.4907;-0.524;-0.5586;-0.5945;-0.632;-0.6712;-0.7122;-0.7553;-0.8006;-0.848;-0.8973;-0.9482;-1;-0.9365;-0.874;-0.8129;-0.7537;-0.6967;-0.6417;-0.5887;-0.5374;-0.4877;-0.4394;-0.3924;-0.3464;-0.3012;-0.2569;-0.2132;-0.1699;-0.1271;-0.08458;-0.04224;0
0;0.04318;0.08645;0.1299;0.1736;0.2178;0.2624;0.3076;0.3535;0.4002;0.4479;0.4967;0.5468;0.5982;0.6511;0.7057;0.7619;0.8197;0.8789;0.9391;1;0.9514;0.9033;0.8564;0.8109;0.767;0.7249;0.6844;0.6456;0.6082;0.5722;0.5375;0.5039;0.4714;0.4397;0.4089;0.3789;0.3495;0.3207;0.2924;0.2646;0.2372;0.2102;0.1835;0.1571;0.1309;0.1049;0.07902;0.05326;0.02757;0.001909;-0.02375;-0.04946;-0.07524;-0.1011;-0.1272;-0.1534;-0.1799;-0.2067;-0.2338;-0.2612;-0.2891;-0.3175;-0.3464;-0.3759;-0.4061;-0.437;-0.4688;-0.5015;-0.5352;-0.5701;-0.6062;-0.6438;-0.6828;-0.7235;-0.7658;-0.8099;-0.8556;-0.9028;-0.9511;-1;-0.9391;-0.8788;-0.8196;-0.7618;-0.7056;-0.6511;-0.5982;-0.5467;-0.4967;-0.4479;-0.4002;-0.3534;-0.3075;-0.2623;-0.2177;-0.1736;-0.1299;-0.08644;-0.04317;0
0;0.04402;0.08812;0.1324;0.1769;0.2219;0.2672;0.3131;0.3597;0.407;0.4552;0.5044;0.5547;0.6062;0.6589;0.713;0.7684;0.825;0.8827;0.9411;1;0.9536;0.9077;0.8626;0.8185;0.7758;0.7344;0.6944;0.6558;0.6186;0.5825;0.5476;0.5137;0.4808;0.4487;0.4174;0.3869;0.357;0.3276;0.2988;0.2705;0.2425;0.2149;0.1876;0.1606;0.1338;0.1072;0.08079;0.05444;0.02816;0.001915;-0.02433;-0.05063;-0.07699;-0.1035;-0.1301;-0.1569;-0.184;-0.2114;-0.239;-0.267;-0.2955;-0.3244;-0.3538;-0.3839;-0.4145;-0.4459;-0.4781;-0.5112;-0.5452;-0.5803;-0.6166;-0.6541;-0.6928;-0.733;-0.7746;-0.8176;-0.8618;-0.9072;-0.9534;-1;-0.9411;-0.8826;-0.825;-0.7683;-0.713;-0.6589;-0.6061;-0.5547;-0.5044;-0.4552;-0.407;-0.3597;-0.3131;-0.2672;-0.2218;-0.1769;-0.1324;-0.08811;-0.04401;0
0;0.04477;0.08961;0.1346;0.1799;0.2255;0.2715;0.318;0.3652;0.413;0.4616;0.511;0.5615;0.6129;0.6654;0.719;0.7736;0.8292;0.8857;0.9427;1;0.9555;0.9113;0.8676;0.8249;0.7832;0.7425;0.7031;0.6648;0.6277;0.5916;0.5565;0.5224;0.4892;0.4568;0.4252;0.3942;0.3638;0.334;0.3047;0.2759;0.2474;0.2193;0.1915;0.1639;0.1366;0.1094;0.08244;0.05554;0.02871;0.001918;-0.02488;-0.05172;-0.07864;-0.1057;-0.1329;-0.1602;-0.1878;-0.2157;-0.2439;-0.2724;-0.3014;-0.3308;-0.3607;-0.3912;-0.4223;-0.4541;-0.4866;-0.52;-0.5542;-0.5894;-0.6257;-0.663;-0.7015;-0.7412;-0.782;-0.8239;-0.8669;-0.9108;-0.9552;-1;-0.9427;-0.8856;-0.8292;-0.7736;-0.719;-0.6654;-0.6129;-0.5614;-0.511;-0.4615;-0.4129;-0.3651;-0.318;-0.2715;-0.2255;-0.1799;-0.1346;-0.0896;-0.04476;0
0;0.04543;0.09094;0.1366;0.1825;0.2287;0.2753;0.3223;0.3699;0.4181;0.467;0.5167;0.5672;0.6186;0.6708;0.7239;0.7779;0.8327;0.8881;0.9439;1;0.957;0.9142;0.8719;0.8302;0.7894;0.7495;0.7106;0.6726;0.6357;0.5996;0.5646;0.5303;0.4969;0.4642;0.4323;0.4009;0.3702;0.3399;0.3102;0.2809;0.2519;0.2233;0.195;0.167;0.1391;0.1115;0.08398;0.05657;0.02923;0.001917;-0.0254;-0.05275;-0.08018;-0.1077;-0.1354;-0.1633;-0.1914;-0.2198;-0.2484;-0.2774;-0.3069;-0.3367;-0.367;-0.3979;-0.4294;-0.4615;-0.4943;-0.5279;-0.5623;-0.5975;-0.6337;-0.6708;-0.709;-0.7481;-0.7882;-0.8293;-0.8711;-0.9137;-0.9567;-1;-0.9439;-0.8881;-0.8327;-0.7779;-0.7239;-0.6708;-0.6185;-0.5672;-0.5167;-0.467;-0.4181;-0.3699;-0.3223;-0.2753;-0.2287;-0.1825;-0.1366;-0.09093;-0.04543;0
0;0.04602;0.09212;0.1384;0.1848;0.2315;0.2786;0.3261;0.3741;0.4226;0.4717;0.5215;0.5721;0.6233;0.6753;0.728;0.7815;0.8355;0.89;0.9449;1;0.9582;0.9166;0.8754;0.8347;0.7947;0.7555;0.717;0.6794;0.6427;0.6068;0.5717;0.5374;0.5038;0.4709;0.4387;0.407;0.3759;0.3453;0.3152;0.2855;0.2561;0.2271;0.1983;0.1698;0.1415;0.1134;0.08541;0.05752;0.0297;0.001914;-0.02588;-0.05371;-0.08162;-0.1096;-0.1378;-0.1661;-0.1947;-0.2235;-0.2526;-0.2821;-0.3119;-0.3421;-0.3728;-0.404;-0.4358;-0.4682;-0.5012;-0.5349;-0.5694;-0.6047;-0.6407;-0.6777;-0.7155;-0.7541;-0.7936;-0.8338;-0.8747;-0.9161;-0.958;-1;-0.9449;-0.89;-0.8355;-0.7814;-0.728;-0.6753;-0.6233;-0.572;-0.5215;-0.4717;-0.4226;-0.374;-0.3261;-0.2786;-0.2315;-0.1848;-0.1383;-0.09211;-0.04602;0
0;0.04655;0.09316;0.1399;0.1868;0.234;0.2815;0.3294;0.3777;0.4265;0.4758;0.5257;0.5762;0.6273;0.6791;0.7314;0.7844;0.8378;0.8916;0.9457;1;0.9593;0.9187;0.8784;0.8386;0.7993;0.7606;0.7227;0.6854;0.6489;0.6131;0.5781;0.5437;0.51;0.477;0.4445;0.4126;0.3812;0.3503;0.3198;0.2897;0.2599;0.2305;0.2013;0.1724;0.1437;0.1151;0.08673;0.0584;0.03014;0.001909;-0.02633;-0.0546;-0.08295;-0.1114;-0.14;-0.1688;-0.1977;-0.227;-0.2565;-0.2863;-0.3165;-0.3471;-0.3781;-0.4096;-0.4416;-0.4742;-0.5074;-0.5413;-0.5758;-0.611;-0.6469;-0.6836;-0.7211;-0.7593;-0.7981;-0.8376;-0.8777;-0.9182;-0.959;-1;-0.9457;-0.8916;-0.8378;-0.7844;-0.7314;-0.6791;-0.6273;-0.5762;-0.5256;-0.4757;-0.4264;-0.3776;-0.3293;-0.2815;-0.234;-0.1868;-0.1399;-0.09315;-0.04654;0
0;0.047;0.09407;0.1412;0.1886;0.2362;0.284;0.3322;0.3808;0.4298;0.4792;0.5292;0.5797;0.6307;0.6822;0.7343;0.7868;0.8397;0.893;0.9464;1;0.9602;0.9204;0.881;0.8419;0.8032;0.7651;0.7275;0.6906;0.6543;0.6187;0.5837;0.5493;0.5156;0.4824;0.4498;0.4176;0.386;0.3548;0.324;0.2936;0.2635;0.2337;0.2041;0.1748;0.1457;0.1168;0.08794;0.05921;0.03054;0.001902;-0.02674;-0.05542;-0.08417;-0.113;-0.142;-0.1712;-0.2005;-0.2301;-0.26;-0.2902;-0.3207;-0.3516;-0.3829;-0.4147;-0.4469;-0.4797;-0.513;-0.5469;-0.5814;-0.6166;-0.6524;-0.6889;-0.726;-0.7637;-0.8021;-0.8409;-0.8803;-0.92;-0.9599;-1;-0.9464;-0.8929;-0.8397;-0.7868;-0.7343;-0.6822;-0.6307;-0.5797;-0.5292;-0.4792;-0.4297;-0.3807;-0.3322;-0.284;-0.2361;-0.1886;-0.1412;-0.09406;-0.047;0
0;0.0474;0.09486;0.1424;0.1901;0.238;0.2862;0.3347;0.3835;0.4326;0.4822;0.5322;0.5827;0.6336;0.6849;0.7367;0.7888;0.8413;0.894;0.947;1;0.9609;0.9219;0.8832;0.8447;0.8066;0.7689;0.7318;0.6952;0.6591;0.6236;0.5887;0.5544;0.5205;0.4873;0.4545;0.4222;0.3903;0.3589;0.3278;0.2971;0.2667;0.2366;0.2067;0.177;0.1476;0.1182;0.08905;0.05995;0.03091;0.001893;-0.02713;-0.05618;-0.08531;-0.1145;-0.1439;-0.1734;-0.2031;-0.233;-0.2632;-0.2937;-0.3245;-0.3557;-0.3872;-0.4192;-0.4516;-0.4846;-0.518;-0.5519;-0.5864;-0.6215;-0.6572;-0.6934;-0.7302;-0.7676;-0.8054;-0.8438;-0.8825;-0.9215;-0.9607;-1;-0.947;-0.894;-0.8413;-0.7888;-0.7367;-0.6849;-0.6335;-0.5826;-0.5322;-0.4822;-0.4326;-0.3834;-0.3346;-0.2862;-0.238;-0.1901;-0.1424;-0.09485;-0.0474;0
0;0.04775;0.09555;0.1434;0.1915;0.2397;0.2881;0.3368;0.3858;0.4351;0.4847;0.5348;0.5852;0.636;0.6871;0.7387;0.7905;0.8426;0.895;0.9474;1;0.9616;0.9232;0.885;0.8471;0.8095;0.7723;0.7355;0.6992;0.6633;0.628;0.5931;0.5588;0.525;0.4916;0.4587;0.4263;0.3942;0.3626;0.3313;0.3003;0.2696;0.2392;0.209;0.179;0.1492;0.1196;0.09007;0.06063;0.03124;0.00188;-0.02748;-0.05688;-0.08635;-0.1159;-0.1456;-0.1754;-0.2054;-0.2357;-0.2662;-0.2969;-0.328;-0.3594;-0.3912;-0.4233;-0.4559;-0.4889;-0.5224;-0.5564;-0.5909;-0.6259;-0.6614;-0.6974;-0.7339;-0.7709;-0.8084;-0.8462;-0.8843;-0.9227;-0.9613;-1;-0.9474;-0.8949;-0.8426;-0.7905;-0.7386;-0.6871;-0.636;-0.5852;-0.5347;-0.4847;-0.435;-0.3857;-0.3368;-0.2881;-0.2397;-0.1914;-0.1434;-0.09554;-0.04775;0
0;0.04805;0.09615;0.1443;0.1926;0.2411;0.2897;0.3386;0.3877;0.4372;0.4869;0.5369;0.5873;0.638;0.689;0.7403;0.7919;0.8437;0.8957;0.9478;1;0.9621;0.9243;0.8867;0.8492;0.812;0.7752;0.7387;0.7026;0.667;0.6318;0.5971;0.5628;0.5289;0.4955;0.4625;0.4299;0.3977;0.3659;0.3344;0.3032;0.2722;0.2416;0.2111;0.1809;0.1508;0.1208;0.09099;0.06124;0.03154;0.001865;-0.02781;-0.05752;-0.0873;-0.1172;-0.1471;-0.1773;-0.2076;-0.2381;-0.2688;-0.2998;-0.3311;-0.3628;-0.3947;-0.427;-0.4597;-0.4928;-0.5264;-0.5604;-0.5948;-0.6297;-0.6651;-0.7009;-0.7372;-0.7739;-0.8109;-0.8483;-0.886;-0.9238;-0.9619;-1;-0.9478;-0.8957;-0.8437;-0.7919;-0.7403;-0.689;-0.638;-0.5873;-0.5369;-0.4869;-0.4371;-0.3877;-0.3386;-0.2897;-0.2411;-0.1926;-0.1443;-0.09614;-0.04805;0
0;0.04831;0.09666;0.1451;0.1936;0.2423;0.2911;0.3402;0.3894;0.4389;0.4887;0.5388;0.5891;0.6397;0.6906;0.7417;0.7931;0.8446;0.8963;0.9481;1;0.9626;0.9253;0.8881;0.851;0.8142;0.7777;0.7415;0.7057;0.6702;0.6352;0.6005;0.5663;0.5324;0.499;0.4659;0.4332;0.4009;0.3689;0.3372;0.3058;0.2746;0.2437;0.213;0.1825;0.1522;0.1219;0.09182;0.06179;0.03181;0.001849;-0.02811;-0.05811;-0.08816;-0.1183;-0.1486;-0.179;-0.2095;-0.2403;-0.2713;-0.3025;-0.334;-0.3658;-0.3979;-0.4303;-0.4631;-0.4963;-0.5299;-0.5639;-0.5983;-0.6331;-0.6684;-0.704;-0.74;-0.7764;-0.8131;-0.8501;-0.8874;-0.9248;-0.9624;-1;-0.9481;-0.8963;-0.8446;-0.7931;-0.7417;-0.6906;-0.6397;-0.5891;-0.5388;-0.4887;-0.4389;-0.3894;-0.3402;-0.2911;-0.2423;-0.1936;-0.1451;-0.09666;-0.04831;0
0;0.04854;0.09711;0.1457;0.1945;0.2433;0.2923;0.3415;0.3909;0.4405;0.4903;0.5403;0.5906;0.6412;0.6919;0.7429;0.7941;0.8454;0.8969;0.9484;1;0.963;0.9261;0.8893;0.8526;0.8161;0.7799;0.744;0.7083;0.6731;0.6381;0.6036;0.5693;0.5355;0.502;0.4689;0.4361;0.4037;0.3715;0.3397;0.3081;0.2767;0.2456;0.2147;0.184;0.1534;0.1229;0.09257;0.06228;0.03205;0.00183;-0.02839;-0.05864;-0.08895;-0.1193;-0.1498;-0.1805;-0.2113;-0.2422;-0.2734;-0.3048;-0.3365;-0.3685;-0.4007;-0.4333;-0.4662;-0.4994;-0.533;-0.567;-0.6014;-0.6361;-0.6712;-0.7067;-0.7425;-0.7786;-0.815;-0.8517;-0.8886;-0.9256;-0.9628;-1;-0.9484;-0.8969;-0.8454;-0.7941;-0.7429;-0.6919;-0.6412;-0.5906;-0.5403;-0.4903;-0.4405;-0.3909;-0.3415;-0.2923;-0.2433;-0.1945;-0.1457;-0.0971;-0.04854;0
0;0.04873;0.09749;0.1463;0.1952;0.2442;0.2933;0.3426;0.3921;0.4418;0.4916;0.5417;0.5919;0.6424;0.6931;0.7439;0.7949;0.8461;0.8973;0.9486;1;0.9634;0.9268;0.8903;0.8539;0.8178;0.7818;0.7461;0.7107;0.6755;0.6407;0.6062;0.5721;0.5382;0.5047;0.4716;0.4387;0.4062;0.3739;0.3419;0.3102;0.2786;0.2473;0.2162;0.1853;0.1545;0.1238;0.09324;0.06272;0.03226;0.00181;-0.02864;-0.05912;-0.08966;-0.1203;-0.151;-0.1818;-0.2128;-0.244;-0.2754;-0.3069;-0.3388;-0.3709;-0.4032;-0.4359;-0.4689;-0.5022;-0.5358;-0.5697;-0.6041;-0.6387;-0.6737;-0.709;-0.7446;-0.7805;-0.8167;-0.8531;-0.8896;-0.9263;-0.9631;-1;-0.9486;-0.8973;-0.8461;-0.7949;-0.7439;-0.6931;-0.6424;-0.5919;-0.5417;-0.4916;-0.4418;-0.3921;-0.3426;-0.2933;-0.2442;-0.1952;-0.1463;-0.09749;-0.04873;0
0;0.0489;0.09782;0.1468;0.1958;0.245;0.2942;0.3436;0.3931;0.4429;0.4927;0.5428;0.593;0.6434;0.694;0.7448;0.7956;0.8466;0.8977;0.9488;1;0.9637;0.9274;0.8912;0.8551;0.8192;0.7834;0.7479;0.7127;0.6777;0.6429;0.6085;0.5744;0.5406;0.5071;0.4739;0.441;0.4083;0.376;0.3439;0.312;0.2803;0.2489;0.2176;0.1865;0.1555;0.1246;0.09383;0.06311;0.03244;0.001787;-0.02887;-0.05955;-0.09029;-0.1211;-0.152;-0.183;-0.2142;-0.2456;-0.2771;-0.3088;-0.3408;-0.373;-0.4054;-0.4382;-0.4712;-0.5046;-0.5382;-0.5721;-0.6064;-0.641;-0.6759;-0.711;-0.7465;-0.7822;-0.8181;-0.8542;-0.8905;-0.9269;-0.9635;-1;-0.9488;-0.8977;-0.8466;-0.7956;-0.7447;-0.694;-0.6434;-0.593;-0.5428;-0.4927;-0.4429;-0.3931;-0.3436;-0.2942;-0.245;-0.1958;-0.1468;-0.09781;-0.04889;0
0;0.04903;0.09809;0.1472;0.1964;0.2456;0.295;0.3444;0.394;0.4438;0.4937;0.5437;0.5939;0.6443;0.6948;0.7454;0.7962;0.8471;0.898;0.949;1;0.9639;0.9279;0.892;0.8561;0.8204;0.7848;0.7495;0.7144;0.6795;0.6449;0.6105;0.5765;0.5427;0.5092;0.4759;0.443;0.4103;0.3778;0.3456;0.3136;0.2818;0.2502;0.2188;0.1875;0.1563;0.1253;0.09434;0.06345;0.0326;0.001764;-0.02907;-0.05994;-0.09085;-0.1218;-0.1529;-0.1841;-0.2154;-0.2469;-0.2786;-0.3105;-0.3425;-0.3748;-0.4074;-0.4402;-0.4733;-0.5066;-0.5403;-0.5742;-0.6084;-0.6429;-0.6777;-0.7128;-0.7481;-0.7836;-0.8193;-0.8552;-0.8913;-0.9275;-0.9637;-1;-0.949;-0.898;-0.8471;-0.7962;-0.7454;-0.6948;-0.6443;-0.5939;-0.5437;-0.4937;-0.4438;-0.394;-0.3444;-0.295;-0.2456;-0.1964;-0.1472;-0.09809;-0.04903;0
0;0.04915;0.09832;0.1475;0.1968;0.2461;0.2956;0.3451;0.3948;0.4445;0.4945;0.5445;0.5947;0.645;0.6955;0.746;0.7967;0.8474;0.8983;0.9491;1;0.9642;0.9283;0.8926;0.8569;0.8214;0.786;0.7508;0.7159;0.6811;0.6465;0.6123;0.5782;0.5444;0.5109;0.4777;0.4447;0.4119;0.3794;0.3471;0.315;0.2831;0.2514;0.2198;0.1884;0.1571;0.1259;0.09479;0.06374;0.03273;0.001738;-0.02926;-0.06028;-0.09134;-0.1225;-0.1537;-0.185;-0.2165;-0.2481;-0.2799;-0.3119;-0.3441;-0.3765;-0.4091;-0.4419;-0.4751;-0.5085;-0.5421;-0.576;-0.6102;-0.6446;-0.6793;-0.7143;-0.7494;-0.7848;-0.8204;-0.8561;-0.892;-0.9279;-0.9639;-1;-0.9491;-0.8983;-0.8474;-0.7967;-0.746;-0.6955;-0.645;-0.5947;-0.5445;-0.4945;-0.4445;-0.3948;-0.3451;-0.2956;-0.2461;-0.1968;-0.1475;-0.09832;-0.04915;0
0;0.04925;0.09851;0.1478;0.1972;0.2466;0.2961;0.3457;0.3954;0.4452;0.4951;0.5452;0.5953;0.6456;0.696;0.7465;0.7971;0.8477;0.8985;0.9492;1;0.9643;0.9287;0.8931;0.8577;0.8223;0.787;0.752;0.7171;0.6824;0.6479;0.6137;0.5797;0.546;0.5124;0.4792;0.4461;0.4133;0.3807;0.3483;0.3162;0.2842;0.2523;0.2207;0.1891;0.1577;0.1264;0.09516;0.06398;0.03284;0.001712;-0.02942;-0.06057;-0.09178;-0.123;-0.1544;-0.1859;-0.2174;-0.2492;-0.2811;-0.3131;-0.3454;-0.3778;-0.4105;-0.4434;-0.4766;-0.51;-0.5436;-0.5775;-0.6117;-0.6461;-0.6807;-0.7155;-0.7506;-0.7858;-0.8213;-0.8568;-0.8925;-0.9283;-0.9641;-1;-0.9492;-0.8985;-0.8477;-0.7971;-0.7465;-0.696;-0.6456;-0.5953;-0.5452;-0.4951;-0.4452;-0.3954;-0.3457;-0.2961;-0.2466;-0.1972;-0.1478;-0.09851;-0.04925;0
0;0.04933;0.09867;0.148;0.1975;0.2469;0.2965;0.3461;0.3959;0.4457;0.4956;0.5457;0.5958;0.6461;0.6964;0.7469;0.7974;0.848;0.8986;0.9493;1;0.9645;0.929;0.8936;0.8582;0.823;0.7879;0.7529;0.7181;0.6835;0.6491;0.6149;0.581;0.5472;0.5137;0.4804;0.4473;0.4145;0.3818;0.3494;0.3172;0.2851;0.2532;0.2214;0.1898;0.1583;0.1268;0.09548;0.06418;0.03293;0.001684;-0.02956;-0.06083;-0.09214;-0.1235;-0.155;-0.1865;-0.2182;-0.25;-0.282;-0.3142;-0.3465;-0.379;-0.4117;-0.4447;-0.4779;-0.5113;-0.5449;-0.5788;-0.6129;-0.6473;-0.6818;-0.7166;-0.7515;-0.7867;-0.822;-0.8574;-0.893;-0.9286;-0.9643;-1;-0.9493;-0.8986;-0.848;-0.7974;-0.7469;-0.6964;-0.6461;-0.5958;-0.5457;-0.4956;-0.4457;-0.3959;-0.3461;-0.2965;-0.247;-0.1975;-0.148;-0.09867;-0.04933;0
0;0.04939;0.0988;0.1482;0.1977;0.2472;0.2968;0.3465;0.3963;0.4461;0.4961;0.5461;0.5962;0.6465;0.6968;0.7472;0.7977;0.8482;0.8988;0.9494;1;0.9646;0.9293;0.894;0.8587;0.8236;0.7886;0.7537;0.719;0.6844;0.6501;0.6159;0.582;0.5482;0.5147;0.4814;0.4483;0.4154;0.3828;0.3503;0.318;0.2858;0.2538;0.222;0.1903;0.1587;0.1272;0.09573;0.06434;0.03299;0.001655;-0.02968;-0.06105;-0.09245;-0.1239;-0.1555;-0.1871;-0.2189;-0.2508;-0.2828;-0.315;-0.3474;-0.38;-0.4128;-0.4457;-0.4789;-0.5123;-0.546;-0.5799;-0.6139;-0.6482;-0.6827;-0.7174;-0.7523;-0.7874;-0.8226;-0.8579;-0.8933;-0.9288;-0.9644;-1;-0.9494;-0.8988;-0.8482;-0.7977;-0.7472;-0.6968;-0.6465;-0.5962;-0.5461;-0.4961;-0.4461;-0.3963;-0.3465;-0.2968;-0.2472;-0.1977;-0.1482;-0.0988;-0.04939;0
0;0.04944;0.09889;0.1484;0.1979;0.2475;0.2971;0.3468;0.3966;0.4464;0.4964;0.5464;0.5966;0.6468;0.6971;0.7474;0.7979;0.8484;0.8989;0.9494;1;0.9647;0.9295;0.8942;0.8591;0.824;0.7891;0.7543;0.7196;0.6851;0.6508;0.6167;0.5827;0.549;0.5155;0.4822;0.4491;0.4162;0.3835;0.3509;0.3186;0.2864;0.2544;0.2225;0.1907;0.159;0.1274;0.09592;0.06446;0.03303;0.001624;-0.02979;-0.06123;-0.0927;-0.1242;-0.1559;-0.1876;-0.2194;-0.2513;-0.2834;-0.3157;-0.3481;-0.3807;-0.4135;-0.4466;-0.4798;-0.5132;-0.5468;-0.5807;-0.6147;-0.649;-0.6835;-0.7181;-0.7529;-0.7879;-0.823;-0.8583;-0.8936;-0.929;-0.9645;-1;-0.9494;-0.8989;-0.8483;-0.7979;-0.7474;-0.6971;-0.6468;-0.5966;-0.5464;-0.4964;-0.4464;-0.3966;-0.3468;-0.2971;-0.2475;-0.1979;-0.1484;-0.0989;-0.04944;0
0;0.04948;0.09896;0.1485;0.198;0.2476;0.2973;0.347;0.3968;0.4467;0.4966;0.5467;0.5968;0.647;0.6973;0.7476;0.798;0.8485;0.899;0.9495;1;0.9648;0.9296;0.8944;0.8594;0.8244;0.7895;0.7547;0.7201;0.6856;0.6513;0.6172;0.5833;0.5496;0.5161;0.4828;0.4496;0.4167;0.384;0.3514;0.319;0.2868;0.2547;0.2228;0.191;0.1593;0.1276;0.09605;0.06454;0.03306;0.001593;-0.02988;-0.06137;-0.0929;-0.1245;-0.1562;-0.1879;-0.2198;-0.2518;-0.2839;-0.3162;-0.3487;-0.3813;-0.4141;-0.4472;-0.4804;-0.5138;-0.5474;-0.5813;-0.6153;-0.6496;-0.684;-0.7186;-0.7534;-0.7883;-0.8234;-0.8586;-0.8938;-0.9292;-0.9646;-1;-0.9495;-0.899;-0.8485;-0.798;-0.7476;-0.6973;-0.647;-0.5968;-0.5467;-0.4966;-0.4467;-0.3968;-0.347;-0.2973;-0.2476;-0.198;-0.1485;-0.09897;-0.04948;0
0;0.0495;0.09901;0.1486;0.1981;0.2477;0.2974;0.3472;0.397;0.4468;0.4968;0.5468;0.5969;0.6471;0.6974;0.7477;0.7981;0.8485;0.899;0.9495;1;0.9648;0.9297;0.8946;0.8595;0.8246;0.7897;0.755;0.7204;0.6859;0.6517;0.6176;0.5837;0.55;0.5165;0.4831;0.45;0.4171;0.3843;0.3517;0.3193;0.2871;0.255;0.223;0.1912;0.1594;0.1277;0.09613;0.06458;0.03306;0.001561;-0.02994;-0.06147;-0.09304;-0.1247;-0.1564;-0.1882;-0.2201;-0.2521;-0.2842;-0.3166;-0.349;-0.3817;-0.4145;-0.4476;-0.4808;-0.5142;-0.5479;-0.5817;-0.6157;-0.65;-0.6844;-0.719;-0.7537;-0.7886;-0.8236;-0.8588;-0.894;-0.9293;-0.9646;-1;-0.9495;-0.899;-0.8485;-0.7981;-0.7477;-0.6974;-0.6471;-0.5969;-0.5468;-0.4968;-0.4468;-0.397;-0.3472;-0.2974;-0.2477;-0.1981;-0.1486;-0.09902;-0.0495;0
0;0.04951;0.09904;0.1486;0.1982;0.2478;0.2975;0.3472;0.397;0.4469;0.4969;0.5469;0.597;0.6472;0.6975;0.7478;0.7982;0.8486;0.899;0.9495;1;0.9649;0.9297;0.8946;0.8596;0.8247;0.7898;0.7551;0.7205;0.6861;0.6518;0.6177;0.5839;0.5501;0.5166;0.4833;0.4502;0.4172;0.3845;0.3519;0.3195;0.2872;0.2551;0.2231;0.1912;0.1595;0.1278;0.09615;0.06458;0.03305;0.001528;-0.02999;-0.06154;-0.09312;-0.1248;-0.1565;-0.1883;-0.2202;-0.2522;-0.2844;-0.3167;-0.3492;-0.3819;-0.4147;-0.4478;-0.481;-0.5144;-0.5481;-0.5819;-0.6159;-0.6501;-0.6845;-0.7191;-0.7539;-0.7887;-0.8237;-0.8589;-0.8941;-0.9293;-0.9647;-1;-0.9495;-0.899;-0.8486;-0.7981;-0.7478;-0.6975;-0.6472;-0.597;-0.5469;-0.4969;-0.4469;-0.397;-0.3472;-0.2975;-0.2478;-0.1982;-0.1486;-0.09904;-0.04951;0
0;0.04952;0.09904;0.1486;0.1982;0.2478;0.2975;0.3472;0.397;0.4469;0.4969;0.5469;0.597;0.6472;0.6975;0.7478;0.7982;0.8486;0.899;0.9495;1;0.9648;0.9297;0.8946;0.8596;0.8246;0.7898;0.7551;0.7205;0.6861;0.6518;0.6177;0.5838;0.5501;0.5166;0.4833;0.4501;0.4172;0.3844;0.3518;0.3194;0.2872;0.255;0.2231;0.1912;0.1594;0.1277;0.09611;0.06455;0.03301;0.001494;-0.03003;-0.06157;-0.09315;-0.1248;-0.1565;-0.1883;-0.2202;-0.2523;-0.2844;-0.3168;-0.3493;-0.3819;-0.4148;-0.4478;-0.481;-0.5145;-0.5481;-0.5819;-0.6159;-0.6502;-0.6846;-0.7191;-0.7539;-0.7887;-0.8237;-0.8589;-0.8941;-0.9293;-0.9647;-1;-0.9495;-0.899;-0.8486;-0.7981;-0.7478;-0.6975;-0.6472;-0.597;-0.5469;-0.4969;-0.4469;-0.397;-0.3472;-0.2975;-0.2478;-0.1982;-0.1486;-0.09904;-0.04951;0
0;0.0495;0.09902;0.1486;0.1981;0.2477;0.2974;0.3472;0.397;0.4468;0.4968;0.5468;0.5969;0.6471;0.6974;0.7477;0.7981;0.8485;0.899;0.9495;1;0.9648;0.9297;0.8945;0.8595;0.8245;0.7896;0.7549;0.7203;0.6859;0.6516;0.6175;0.5836;0.5499;0.5164;0.483;0.4499;0.417;0.3842;0.3516;0.3192;0.287;0.2549;0.2229;0.191;0.1593;0.1276;0.09602;0.06447;0.03296;0.00146;-0.03004;-0.06157;-0.09313;-0.1248;-0.1564;-0.1882;-0.2201;-0.2522;-0.2843;-0.3166;-0.3491;-0.3818;-0.4146;-0.4476;-0.4809;-0.5143;-0.5479;-0.5817;-0.6158;-0.65;-0.6844;-0.719;-0.7537;-0.7886;-0.8236;-0.8588;-0.894;-0.9293;-0.9646;-1;-0.9495;-0.899;-0.8485;-0.7981;-0.7477;-0.6974;-0.6471;-0.5969;-0.5468;-0.4968;-0.4468;-0.397;-0.3472;-0.2974;-0.2477;-0.1981;-0.1486;-0.09902;-0.0495;0
0;0.04948;0.09897;0.1485;0.198;0.2476;0.2973;0.347;0.3968;0.4467;0.4966;0.5467;0.5968;0.647;0.6973;0.7476;0.798;0.8485;0.899;0.9495;1;0.9648;0.9296;0.8944;0.8593;0.8243;0.7894;0.7546;0.72;0.6855;0.6512;0.6171;0.5832;0.5494;0.5159;0.4826;0.4495;0.4165;0.3838;0.3512;0.3189;0.2866;0.2546;0.2226;0.1908;0.1591;0.1274;0.09587;0.06436;0.03289;0.001425;-0.03004;-0.06153;-0.09305;-0.1246;-0.1563;-0.1881;-0.2199;-0.2519;-0.284;-0.3163;-0.3488;-0.3814;-0.4142;-0.4473;-0.4805;-0.5139;-0.5475;-0.5814;-0.6154;-0.6496;-0.6841;-0.7187;-0.7534;-0.7884;-0.8234;-0.8586;-0.8939;-0.9292;-0.9646;-1;-0.9495;-0.899;-0.8485;-0.798;-0.7476;-0.6973;-0.647;-0.5968;-0.5467;-0.4966;-0.4467;-0.3968;-0.347;-0.2973;-0.2476;-0.198;-0.1485;-0.09897;-0.04948;0
0;0.04944;0.0989;0.1484;0.1979;0.2475;0.2971;0.3468;0.3966;0.4465;0.4964;0.5464;0.5966;0.6468;0.6971;0.7474;0.7979;0.8484;0.8989;0.9494;1;0.9647;0.9294;0.8942;0.859;0.8239;0.789;0.7541;0.7194;0.6849;0.6506;0.6165;0.5825;0.5488;0.5153;0.482;0.4488;0.4159;0.3832;0.3507;0.3183;0.2861;0.2541;0.2222;0.1904;0.1588;0.1272;0.09567;0.06422;0.03279;0.00139;-0.03002;-0.06145;-0.09292;-0.1245;-0.1561;-0.1878;-0.2196;-0.2515;-0.2836;-0.3159;-0.3483;-0.3809;-0.4137;-0.4467;-0.4799;-0.5133;-0.5469;-0.5808;-0.6148;-0.6491;-0.6835;-0.7182;-0.753;-0.788;-0.8231;-0.8583;-0.8937;-0.9291;-0.9645;-1;-0.9494;-0.8989;-0.8483;-0.7979;-0.7474;-0.6971;-0.6468;-0.5966;-0.5464;-0.4964;-0.4464;-0.3966;-0.3468;-0.2971;-0.2475;-0.1979;-0.1484;-0.0989;-0.04944;0
0;0.04939;0.0988;0.1482;0.1977;0.2472;0.2968;0.3465;0.3963;0.4461;0.4961;0.5461;0.5963;0.6465;0.6968;0.7472;0.7977;0.8482;0.8988;0.9494;1;0.9646;0.9292;0.8939;0.8586;0.8234;0.7884;0.7535;0.7188;0.6842;0.6498;0.6157;0.5817;0.5479;0.5144;0.4811;0.448;0.4151;0.3824;0.3499;0.3176;0.2855;0.2535;0.2217;0.19;0.1584;0.1268;0.09541;0.06403;0.03268;0.001354;-0.02998;-0.06133;-0.09273;-0.1242;-0.1557;-0.1874;-0.2191;-0.251;-0.283;-0.3152;-0.3476;-0.3802;-0.4129;-0.4459;-0.4791;-0.5125;-0.5461;-0.58;-0.614;-0.6483;-0.6828;-0.7175;-0.7524;-0.7874;-0.8226;-0.8579;-0.8934;-0.9289;-0.9644;-1;-0.9494;-0.8988;-0.8482;-0.7977;-0.7472;-0.6968;-0.6465;-0.5962;-0.5461;-0.4961;-0.4461;-0.3963;-0.3465;-0.2968;-0.2472;-0.1977;-0.1482;-0.0988;-0.04939;0
0;0.04933;0.09867;0.148;0.1975;0.247;0.2965;0.3461;0.3959;0.4457;0.4956;0.5457;0.5958;0.6461;0.6964;0.7469;0.7974;0.848;0.8986;0.9493;1;0.9645;0.9289;0.8935;0.8581;0.8228;0.7877;0.7527;0.7179;0.6833;0.6488;0.6146;0.5806;0.5469;0.5133;0.48;0.447;0.4141;0.3815;0.349;0.3168;0.2847;0.2528;0.221;0.1894;0.1579;0.1264;0.09509;0.0638;0.03255;0.001318;-0.02992;-0.06118;-0.09248;-0.1238;-0.1553;-0.1868;-0.2185;-0.2503;-0.2823;-0.3144;-0.3467;-0.3792;-0.412;-0.4449;-0.4781;-0.5115;-0.5451;-0.579;-0.6131;-0.6474;-0.6819;-0.7167;-0.7516;-0.7868;-0.822;-0.8575;-0.893;-0.9286;-0.9643;-1;-0.9493;-0.8986;-0.848;-0.7974;-0.7469;-0.6964;-0.6461;-0.5958;-0.5457;-0.4956;-0.4457;-0.3959;-0.3461;-0.2965;-0.247;-0.1975;-0.148;-0.09867;-0.04933;0
0;0.04925;0.09851;0.1478;0.1972;0.2466;0.2961;0.3457;0.3954;0.4452;0.4951;0.5452;0.5953;0.6456;0.696;0.7465;0.7971;0.8477;0.8985;0.9492;1;0.9643;0.9286;0.893;0.8575;0.8221;0.7868;0.7517;0.7168;0.6821;0.6476;0.6134;0.5793;0.5456;0.512;0.4787;0.4457;0.4129;0.3803;0.3479;0.3157;0.2837;0.2519;0.2202;0.1887;0.1573;0.1259;0.09471;0.06353;0.0324;0.001282;-0.02984;-0.06098;-0.09217;-0.1234;-0.1548;-0.1862;-0.2178;-0.2495;-0.2814;-0.3134;-0.3457;-0.3781;-0.4108;-0.4437;-0.4768;-0.5102;-0.5438;-0.5777;-0.6118;-0.6462;-0.6808;-0.7156;-0.7507;-0.7859;-0.8213;-0.8569;-0.8925;-0.9283;-0.9641;-1;-0.9492;-0.8985;-0.8477;-0.7971;-0.7465;-0.696;-0.6456;-0.5953;-0.5452;-0.4951;-0.4452;-0.3954;-0.3457;-0.2961;-0.2466;-0.1972;-0.1478;-0.09851;-0.04925;0
0;0.04915;0.09832;0.1475;0.1968;0.2461;0.2956;0.3451;0.3948;0.4445;0.4945;0.5445;0.5947;0.645;0.6955;0.746;0.7967;0.8474;0.8983;0.9491;1;0.9641;0.9283;0.8925;0.8568;0.8212;0.7858;0.7505;0.7155;0.6807;0.6462;0.6118;0.5778;0.544;0.5105;0.4772;0.4442;0.4114;0.3789;0.3465;0.3144;0.2825;0.2508;0.2193;0.1878;0.1566;0.1254;0.09427;0.06322;0.03223;0.001245;-0.02974;-0.06075;-0.0918;-0.1229;-0.1541;-0.1855;-0.2169;-0.2485;-0.2803;-0.3122;-0.3444;-0.3768;-0.4094;-0.4422;-0.4753;-0.5087;-0.5423;-0.5762;-0.6104;-0.6448;-0.6795;-0.7144;-0.7495;-0.7849;-0.8204;-0.8562;-0.892;-0.9279;-0.964;-1;-0.9491;-0.8983;-0.8474;-0.7967;-0.746;-0.6955;-0.645;-0.5947;-0.5445;-0.4945;-0.4445;-0.3948;-0.3451;-0.2956;-0.2461;-0.1968;-0.1475;-0.09832;-0.04915;0
0;0.04903;0.09809;0.1472;0.1964;0.2456;0.295;0.3444;0.394;0.4438;0.4937;0.5437;0.5939;0.6443;0.6948;0.7454;0.7962;0.8471;0.898;0.949;1;0.9639;0.9278;0.8918;0.8559;0.8201;0.7845;0.7492;0.714;0.6791;0.6445;0.6101;0.576;0.5422;0.5086;0.4754;0.4424;0.4097;0.3772;0.345;0.313;0.2812;0.2496;0.2182;0.1869;0.1557;0.1247;0.09375;0.06287;0.03203;0.001208;-0.02962;-0.06047;-0.09136;-0.1223;-0.1534;-0.1846;-0.2159;-0.2474;-0.279;-0.3108;-0.3429;-0.3752;-0.4077;-0.4405;-0.4736;-0.5069;-0.5405;-0.5744;-0.6086;-0.6431;-0.6779;-0.7129;-0.7482;-0.7837;-0.8194;-0.8553;-0.8913;-0.9275;-0.9637;-1;-0.949;-0.898;-0.8471;-0.7962;-0.7454;-0.6948;-0.6443;-0.5939;-0.5437;-0.4937;-0.4438;-0.394;-0.3444;-0.295;-0.2456;-0.1964;-0.1472;-0.09809;-0.04903;0
0;0.0489;0.09781;0.1468;0.1958;0.245;0.2942;0.3436;0.3932;0.4429;0.4927;0.5428;0.593;0.6434;0.694;0.7448;0.7956;0.8466;0.8977;0.9488;1;0.9636;0.9273;0.891;0.8549;0.8189;0.7831;0.7476;0.7122;0.6772;0.6425;0.608;0.5739;0.54;0.5065;0.4733;0.4404;0.4077;0.3753;0.3432;0.3113;0.2797;0.2482;0.2169;0.1858;0.1548;0.1239;0.09318;0.06247;0.03181;0.001171;-0.02947;-0.06014;-0.09086;-0.1216;-0.1525;-0.1836;-0.2147;-0.246;-0.2775;-0.3092;-0.3412;-0.3734;-0.4058;-0.4385;-0.4715;-0.5048;-0.5385;-0.5724;-0.6066;-0.6412;-0.676;-0.7112;-0.7466;-0.7823;-0.8182;-0.8543;-0.8906;-0.927;-0.9635;-1;-0.9488;-0.8977;-0.8466;-0.7956;-0.7447;-0.694;-0.6434;-0.593;-0.5428;-0.4927;-0.4429;-0.3931;-0.3436;-0.2942;-0.245;-0.1958;-0.1468;-0.09781;-0.04889;0
0;0.04873;0.09749;0.1463;0.1952;0.2442;0.2933;0.3426;0.3921;0.4418;0.4916;0.5417;0.5919;0.6424;0.6931;0.7439;0.7949;0.8461;0.8973;0.9486;1;0.9633;0.9267;0.8901;0.8537;0.8175;0.7814;0.7457;0.7102;0.675;0.6402;0.6057;0.5715;0.5376;0.5041;0.4709;0.438;0.4055;0.3732;0.3412;0.3094;0.2779;0.2466;0.2155;0.1846;0.1538;0.1231;0.09252;0.06202;0.03157;0.001134;-0.0293;-0.05976;-0.09028;-0.1209;-0.1516;-0.1824;-0.2134;-0.2445;-0.2759;-0.3074;-0.3392;-0.3713;-0.4036;-0.4363;-0.4692;-0.5025;-0.5361;-0.57;-0.6043;-0.6389;-0.6739;-0.7092;-0.7448;-0.7806;-0.8168;-0.8531;-0.8897;-0.9264;-0.9632;-1;-0.9486;-0.8973;-0.8461;-0.7949;-0.7439;-0.6931;-0.6424;-0.5919;-0.5417;-0.4916;-0.4418;-0.3921;-0.3426;-0.2933;-0.2442;-0.1952;-0.1463;-0.09749;-0.04873;0
0;0.04854;0.09711;0.1457;0.1945;0.2433;0.2923;0.3415;0.3909;0.4405;0.4903;0.5403;0.5906;0.6412;0.6919;0.7429;0.7941;0.8454;0.8969;0.9484;1;0.9629;0.9259;0.889;0.8523;0.8158;0.7795;0.7435;0.7079;0.6725;0.6376;0.6029;0.5687;0.5348;0.5013;0.4682;0.4354;0.4029;0.3708;0.3389;0.3073;0.2759;0.2448;0.2139;0.1832;0.1526;0.1221;0.0918;0.06152;0.0313;0.001097;-0.02911;-0.05934;-0.08963;-0.12;-0.1505;-0.1811;-0.2118;-0.2428;-0.274;-0.3053;-0.337;-0.3689;-0.4011;-0.4337;-0.4665;-0.4998;-0.5334;-0.5673;-0.6016;-0.6363;-0.6714;-0.7069;-0.7426;-0.7787;-0.8151;-0.8518;-0.8886;-0.9257;-0.9628;-1;-0.9484;-0.8969;-0.8454;-0.7941;-0.7429;-0.6919;-0.6412;-0.5906;-0.5403;-0.4903;-0.4405;-0.3909;-0.3415;-0.2923;-0.2433;-0.1945;-0.1457;-0.0971;-0.04854;0
0;0.04831;0.09666;0.1451;0.1936;0.2423;0.2911;0.3402;0.3894;0.4389;0.4887;0.5388;0.5891;0.6397;0.6906;0.7417;0.7931;0.8446;0.8963;0.9481;1;0.9625;0.9251;0.8878;0.8507;0.8139;0.7773;0.741;0.7052;0.6697;0.6346;0.5999;0.5656;0.5317;0.4982;0.4651;0.4324;0.4001;0.368;0.3363;0.3049;0.2738;0.2428;0.2122;0.1816;0.1513;0.1211;0.09099;0.06097;0.031;0.00106;-0.02889;-0.05886;-0.08889;-0.119;-0.1492;-0.1796;-0.2101;-0.2409;-0.2718;-0.303;-0.3345;-0.3663;-0.3983;-0.4308;-0.4635;-0.4967;-0.5303;-0.5642;-0.5986;-0.6334;-0.6686;-0.7042;-0.7402;-0.7765;-0.8132;-0.8502;-0.8874;-0.9248;-0.9624;-1;-0.9481;-0.8963;-0.8446;-0.7931;-0.7417;-0.6906;-0.6397;-0.5891;-0.5388;-0.4887;-0.4389;-0.3894;-0.3402;-0.2911;-0.2423;-0.1936;-0.1451;-0.09666;-0.04831;0
0;0.04805;0.09614;0.1443;0.1926;0.2411;0.2897;0.3386;0.3877;0.4372;0.4869;0.5369;0.5873;0.638;0.689;0.7403;0.7919;0.8437;0.8957;0.9478;1;0.962;0.9242;0.8864;0.8489;0.8117;0.7747;0.7382;0.7021;0.6664;0.6311;0.5964;0.562;0.5281;0.4947;0.4617;0.4291;0.3969;0.365;0.3335;0.3022;0.2713;0.2406;0.2102;0.1799;0.1499;0.1199;0.0901;0.06036;0.03068;0.001023;-0.02864;-0.05833;-0.08808;-0.1179;-0.1479;-0.178;-0.2083;-0.2387;-0.2695;-0.3004;-0.3317;-0.3633;-0.3952;-0.4275;-0.4602;-0.4932;-0.5268;-0.5607;-0.5951;-0.63;-0.6653;-0.7011;-0.7374;-0.774;-0.811;-0.8484;-0.886;-0.9239;-0.9619;-1;-0.9478;-0.8957;-0.8437;-0.7919;-0.7403;-0.689;-0.638;-0.5873;-0.5369;-0.4869;-0.4371;-0.3877;-0.3386;-0.2897;-0.2411;-0.1926;-0.1443;-0.09614;-0.04805;0
0;0.04775;0.09554;0.1434;0.1915;0.2397;0.2881;0.3368;0.3857;0.4351;0.4847;0.5347;0.5852;0.636;0.6871;0.7387;0.7905;0.8426;0.895;0.9474;1;0.9615;0.923;0.8848;0.8468;0.8091;0.7718;0.7349;0.6986;0.6627;0.6273;0.5924;0.558;0.5242;0.4908;0.4578;0.4254;0.3933;0.3616;0.3303;0.2993;0.2686;0.2382;0.208;0.1781;0.1483;0.1186;0.08913;0.0597;0.03033;0.0009862;-0.02836;-0.05773;-0.08717;-0.1167;-0.1464;-0.1762;-0.2062;-0.2364;-0.2668;-0.2976;-0.3286;-0.36;-0.3917;-0.4238;-0.4564;-0.4894;-0.5228;-0.5568;-0.5912;-0.6262;-0.6617;-0.6977;-0.7341;-0.7711;-0.8085;-0.8463;-0.8844;-0.9228;-0.9614;-1;-0.9474;-0.8949;-0.8426;-0.7905;-0.7387;-0.6871;-0.636;-0.5852;-0.5347;-0.4847;-0.435;-0.3857;-0.3368;-0.2881;-0.2397;-0.1914;-0.1434;-0.09554;-0.04775;0
0;0.0474;0.09485;0.1424;0.1901;0.238;0.2862;0.3346;0.3834;0.4326;0.4822;0.5322;0.5826;0.6335;0.6849;0.7367;0.7888;0.8413;0.894;0.947;1;0.9608;0.9218;0.8829;0.8443;0.8062;0.7684;0.7312;0.6945;0.6584;0.6229;0.5879;0.5535;0.5197;0.4864;0.4535;0.4212;0.3893;0.3579;0.3268;0.2961;0.2656;0.2355;0.2057;0.176;0.1465;0.1172;0.08806;0.05897;0.02995;0.0009495;-0.02805;-0.05708;-0.08618;-0.1154;-0.1447;-0.1742;-0.2039;-0.2338;-0.2639;-0.2944;-0.3251;-0.3563;-0.3878;-0.4197;-0.4521;-0.485;-0.5184;-0.5523;-0.5868;-0.6218;-0.6575;-0.6937;-0.7304;-0.7678;-0.8056;-0.8439;-0.8825;-0.9215;-0.9607;-1;-0.947;-0.894;-0.8413;-0.7888;-0.7367;-0.6849;-0.6335;-0.5826;-0.5322;-0.4822;-0.4326;-0.3834;-0.3346;-0.2862;-0.238;-0.1901;-0.1424;-0.09485;-0.0474;0
0;0.047;0.09406;0.1412;0.1886;0.2361;0.284;0.3322;0.3808;0.4298;0.4792;0.5292;0.5797;0.6307;0.6822;0.7343;0.7868;0.8397;0.8929;0.9464;1;0.9601;0.9202;0.8807;0.8415;0.8028;0.7646;0.7269;0.6899;0.6536;0.6179;0.5829;0.5485;0.5147;0.4814;0.4488;0.4166;0.385;0.3537;0.3229;0.2925;0.2624;0.2326;0.2031;0.1738;0.1446;0.1157;0.0869;0.05818;0.02953;0.0009131;-0.02771;-0.05636;-0.08509;-0.1139;-0.1429;-0.172;-0.2013;-0.2309;-0.2607;-0.2909;-0.3213;-0.3522;-0.3835;-0.4152;-0.4474;-0.4801;-0.5134;-0.5473;-0.5818;-0.6169;-0.6527;-0.6891;-0.7262;-0.7639;-0.8022;-0.841;-0.8803;-0.92;-0.9599;-1;-0.9464;-0.8929;-0.8397;-0.7868;-0.7343;-0.6822;-0.6307;-0.5797;-0.5292;-0.4792;-0.4297;-0.3807;-0.3322;-0.284;-0.2361;-0.1886;-0.1412;-0.09406;-0.047;0
0;0.04654;0.09315;0.1399;0.1868;0.234;0.2815;0.3293;0.3776;0.4264;0.4758;0.5257;0.5762;0.6273;0.6791;0.7314;0.7844;0.8378;0.8916;0.9457;1;0.9592;0.9185;0.8781;0.8382;0.7988;0.7601;0.722;0.6847;0.6481;0.6123;0.5772;0.5428;0.5091;0.476;0.4435;0.4115;0.3801;0.3492;0.3187;0.2886;0.2588;0.2294;0.2002;0.1713;0.1426;0.114;0.08564;0.05733;0.02909;0.0008769;-0.02733;-0.05558;-0.0839;-0.1123;-0.1409;-0.1696;-0.1986;-0.2277;-0.2572;-0.287;-0.3172;-0.3477;-0.3787;-0.4102;-0.4422;-0.4747;-0.5079;-0.5417;-0.5761;-0.6113;-0.6472;-0.6839;-0.7213;-0.7594;-0.7983;-0.8378;-0.8778;-0.9183;-0.9591;-1;-0.9457;-0.8916;-0.8378;-0.7844;-0.7314;-0.6791;-0.6273;-0.5762;-0.5257;-0.4757;-0.4264;-0.3776;-0.3293;-0.2815;-0.234;-0.1868;-0.1399;-0.09315;-0.04654;0
0;0.04602;0.09211;0.1383;0.1848;0.2315;0.2786;0.3261;0.3741;0.4226;0.4717;0.5215;0.572;0.6233;0.6753;0.728;0.7815;0.8355;0.89;0.9449;1;0.9581;0.9164;0.8751;0.8343;0.7942;0.7549;0.7164;0.6787;0.6419;0.6059;0.5708;0.5364;0.5028;0.4699;0.4376;0.4059;0.3748;0.3442;0.314;0.2843;0.2549;0.2259;0.1971;0.1686;0.1404;0.1122;0.08427;0.05641;0.02861;0.0008411;-0.02693;-0.05473;-0.08261;-0.1106;-0.1387;-0.167;-0.1955;-0.2243;-0.2534;-0.2828;-0.3126;-0.3428;-0.3734;-0.4046;-0.4364;-0.4687;-0.5017;-0.5354;-0.5698;-0.605;-0.6411;-0.6779;-0.7157;-0.7543;-0.7937;-0.8339;-0.8748;-0.9162;-0.958;-1;-0.9449;-0.89;-0.8355;-0.7814;-0.728;-0.6753;-0.6233;-0.572;-0.5215;-0.4717;-0.4226;-0.374;-0.3261;-0.2786;-0.2315;-0.1848;-0.1383;-0.09211;-0.04602;0
0;0.04543;0.09094;0.1366;0.1825;0.2287;0.2753;0.3223;0.3699;0.4181;0.467;0.5167;0.5672;0.6185;0.6708;0.7239;0.7779;0.8327;0.8881;0.9439;1;0.9569;0.914;0.8715;0.8298;0.7889;0.7489;0.7099;0.6719;0.6348;0.5988;0.5636;0.5293;0.4959;0.4632;0.4312;0.3998;0.369;0.3387;0.309;0.2797;0.2507;0.2221;0.1938;0.1658;0.1379;0.1103;0.0828;0.05541;0.02809;0.0008056;-0.02648;-0.05381;-0.08121;-0.1087;-0.1364;-0.1642;-0.1923;-0.2206;-0.2492;-0.2782;-0.3076;-0.3374;-0.3677;-0.3985;-0.4299;-0.462;-0.4948;-0.5283;-0.5627;-0.5979;-0.634;-0.6711;-0.7092;-0.7483;-0.7884;-0.8294;-0.8712;-0.9138;-0.9568;-1;-0.9439;-0.8881;-0.8327;-0.7779;-0.7239;-0.6708;-0.6185;-0.5672;-0.5167;-0.467;-0.4181;-0.3699;-0.3223;-0.2753;-0.2287;-0.1825;-0.1366;-0.09093;-0.04543;0
0;0.04476;0.08961;0.1346;0.1799;0.2255;0.2715;0.318;0.3651;0.413;0.4616;0.511;0.5614;0.6129;0.6654;0.719;0.7736;0.8292;0.8857;0.9427;1;0.9553;0.911;0.8673;0.8245;0.7826;0.7419;0.7024;0.664;0.6268;0.5907;0.5556;0.5214;0.4882;0.4557;0.424;0.393;0.3626;0.3328;0.3035;0.2746;0.2461;0.218;0.1902;0.1627;0.1353;0.1082;0.08123;0.05435;0.02754;0.0007704;-0.026;-0.05282;-0.0797;-0.1067;-0.1338;-0.1612;-0.1888;-0.2166;-0.2447;-0.2732;-0.3022;-0.3315;-0.3614;-0.3918;-0.4229;-0.4546;-0.4871;-0.5204;-0.5546;-0.5898;-0.626;-0.6633;-0.7018;-0.7414;-0.7822;-0.8241;-0.867;-0.9108;-0.9552;-1;-0.9427;-0.8856;-0.8292;-0.7736;-0.719;-0.6654;-0.6129;-0.5614;-0.511;-0.4615;-0.4129;-0.3651;-0.318;-0.2715;-0.2255;-0.1799;-0.1346;-0.0896;-0.04476;0
0;0.04401;0.08812;0.1324;0.1769;0.2218;0.2672;0.3131;0.3597;0.407;0.4552;0.5044;0.5547;0.6062;0.6589;0.713;0.7684;0.825;0.8826;0.9411;1;0.9535;0.9074;0.8622;0.8181;0.7752;0.7338;0.6937;0.655;0.6177;0.5815;0.5466;0.5126;0.4797;0.4476;0.4163;0.3857;0.3557;0.3264;0.2975;0.2692;0.2412;0.2136;0.1863;0.1593;0.1326;0.106;0.07954;0.05321;0.02696;0.0007356;-0.02549;-0.05175;-0.07808;-0.1045;-0.1311;-0.1579;-0.185;-0.2123;-0.2399;-0.2679;-0.2963;-0.3251;-0.3545;-0.3845;-0.4151;-0.4465;-0.4786;-0.5117;-0.5457;-0.5807;-0.6169;-0.6544;-0.6931;-0.7332;-0.7748;-0.8177;-0.8619;-0.9073;-0.9534;-1;-0.9411;-0.8826;-0.825;-0.7683;-0.713;-0.6589;-0.6061;-0.5547;-0.5044;-0.4552;-0.407;-0.3597;-0.3131;-0.2672;-0.2218;-0.1769;-0.1324;-0.08811;-0.04401;0
0;0.04318;0.08645;0.1299;0.1736;0.2177;0.2623;0.3075;0.3534;0.4002;0.4479;0.4967;0.5467;0.5982;0.6511;0.7057;0.7619;0.8196;0.8788;0.9391;1;0.9512;0.9031;0.856;0.8104;0.7664;0.7242;0.6837;0.6447;0.6073;0.5713;0.5365;0.5029;0.4703;0.4386;0.4077;0.3776;0.3482;0.3194;0.2911;0.2633;0.2359;0.2089;0.1822;0.1558;0.1296;0.1036;0.07774;0.052;0.02633;0.0007012;-0.02493;-0.0506;-0.07635;-0.1022;-0.1282;-0.1544;-0.1809;-0.2076;-0.2346;-0.2621;-0.2899;-0.3182;-0.3471;-0.3765;-0.4067;-0.4376;-0.4693;-0.502;-0.5356;-0.5705;-0.6066;-0.6441;-0.6831;-0.7237;-0.766;-0.81;-0.8557;-0.9029;-0.9511;-1;-0.9391;-0.8788;-0.8196;-0.7618;-0.7057;-0.6511;-0.5982;-0.5467;-0.4967;-0.4479;-0.4002;-0.3534;-0.3075;-0.2623;-0.2177;-0.1736;-0.1299;-0.08644;-0.04317;0
0;0.04225;0.08459;0.1271;0.17;0.2132;0.2569;0.3013;0.3464;0.3924;0.4395;0.4877;0.5374;0.5887;0.6417;0.6967;0.7538;0.8129;0.874;0.9366;1;0.9483;0.8976;0.8483;0.8011;0.7559;0.713;0.672;0.6329;0.5956;0.5597;0.5253;0.4921;0.4599;0.4288;0.3985;0.369;0.3401;0.3119;0.2842;0.257;0.2303;0.2039;0.1778;0.152;0.1264;0.1011;0.07583;0.05072;0.02567;0.0006673;-0.02434;-0.04939;-0.07451;-0.09974;-0.1251;-0.1507;-0.1765;-0.2026;-0.2291;-0.2558;-0.2831;-0.3108;-0.339;-0.3679;-0.3975;-0.4278;-0.459;-0.4912;-0.5245;-0.559;-0.5949;-0.6323;-0.6714;-0.7125;-0.7555;-0.8007;-0.8481;-0.8974;-0.9483;-1;-0.9365;-0.874;-0.8129;-0.7538;-0.6967;-0.6417;-0.5887;-0.5374;-0.4877;-0.4394;-0.3924;-0.3464;-0.3012;-0.2569;-0.2132;-0.1699;-0.1271;-0.08458;-0.04224;0
0;0.04122;0.08254;0.1241;0.1659;0.2081;0.2508;0.2942;0.3384;0.3836;0.4298;0.4774;0.5265;0.5774;0.6304;0.6857;0.7436;0.8042;0.8676;0.9331;1;0.9446;0.8905;0.8387;0.7896;0.7433;0.6997;0.6584;0.6194;0.5823;0.5468;0.5128;0.4802;0.4486;0.4181;0.3884;0.3596;0.3314;0.3039;0.2769;0.2503;0.2242;0.1985;0.1731;0.148;0.1231;0.09837;0.07381;0.04936;0.02498;0.0006339;-0.02371;-0.04809;-0.07255;-0.09712;-0.1218;-0.1468;-0.1719;-0.1973;-0.2231;-0.2492;-0.2757;-0.3028;-0.3304;-0.3586;-0.3875;-0.4172;-0.4477;-0.4793;-0.5121;-0.5461;-0.5816;-0.6188;-0.6579;-0.6992;-0.7429;-0.7893;-0.8384;-0.8903;-0.9445;-1;-0.9331;-0.8675;-0.8042;-0.7436;-0.6857;-0.6304;-0.5774;-0.5265;-0.4774;-0.4298;-0.3835;-0.3384;-0.2942;-0.2508;-0.2081;-0.1659;-0.124;-0.08253;-0.04122;0
0;0.0401;0.0803;0.1207;0.1614;0.2025;0.2441;0.2864;0.3295;0.3736;0.4188;0.4655;0.5138;0.5641;0.6167;0.6721;0.7307;0.7929;0.8589;0.9284;1;0.9395;0.8812;0.8263;0.7753;0.728;0.6839;0.6427;0.604;0.5673;0.5324;0.4991;0.4671;0.4363;0.4065;0.3776;0.3495;0.3221;0.2953;0.269;0.2432;0.2178;0.1928;0.1681;0.1437;0.1195;0.09553;0.07167;0.04792;0.02424;0.0006009;-0.02304;-0.04672;-0.07048;-0.09435;-0.1184;-0.1426;-0.167;-0.1917;-0.2167;-0.2421;-0.2679;-0.2942;-0.3211;-0.3485;-0.3767;-0.4056;-0.4355;-0.4663;-0.4984;-0.5317;-0.5667;-0.6034;-0.6422;-0.6835;-0.7276;-0.775;-0.8261;-0.881;-0.9394;-1;-0.9283;-0.8589;-0.7929;-0.7307;-0.6721;-0.6167;-0.564;-0.5138;-0.4655;-0.4188;-0.3736;-0.3295;-0.2864;-0.2441;-0.2025;-0.1614;-0.1207;-0.08029;-0.0401;0
0;0.03888;0.07786;0.117;0.1565;0.1964;0.2367;0.2778;0.3196;0.3625;0.4065;0.4519;0.4991;0.5484;0.6002;0.6553;0.7142;0.7778;0.8468;0.9214;1;0.9322;0.8684;0.8102;0.7574;0.7094;0.6653;0.6245;0.5864;0.5505;0.5165;0.484;0.4529;0.423;0.394;0.366;0.3387;0.3121;0.2861;0.2606;0.2356;0.2111;0.1868;0.1629;0.1392;0.1158;0.09254;0.06943;0.04642;0.02347;0.0005685;-0.02234;-0.04528;-0.0683;-0.09142;-0.1147;-0.1381;-0.1618;-0.1858;-0.21;-0.2346;-0.2597;-0.2852;-0.3112;-0.3378;-0.3651;-0.3932;-0.4222;-0.4522;-0.4833;-0.5158;-0.5499;-0.5859;-0.6241;-0.6649;-0.709;-0.7571;-0.8099;-0.8682;-0.9321;-1;-0.9214;-0.8468;-0.7778;-0.7141;-0.6552;-0.6002;-0.5483;-0.4991;-0.4519;-0.4065;-0.3624;-0.3196;-0.2778;-0.2367;-0.1963;-0.1565;-0.117;-0.07785;-0.03888;0
0;0.03756;0.07522;0.1131;0.1512;0.1897;0.2287;0.2684;0.3088;0.3502;0.3927;0.4366;0.4823;0.5301;0.5806;0.6345;0.693;0.7572;0.8292;0.9104;1;0.9208;0.85;0.7885;0.7347;0.6868;0.6435;0.6037;0.5667;0.5319;0.499;0.4676;0.4375;0.4086;0.3807;0.3536;0.3272;0.3015;0.2764;0.2518;0.2277;0.2039;0.1805;0.1574;0.1345;0.1119;0.08941;0.06707;0.04484;0.02267;0.0005366;-0.0216;-0.04377;-0.06601;-0.08836;-0.1108;-0.1335;-0.1564;-0.1795;-0.2029;-0.2267;-0.2509;-0.2755;-0.3007;-0.3264;-0.3528;-0.3799;-0.4079;-0.4368;-0.4669;-0.4983;-0.5313;-0.5661;-0.6032;-0.6431;-0.6865;-0.7344;-0.7883;-0.8499;-0.9207;-1;-0.9104;-0.8292;-0.7572;-0.6929;-0.6345;-0.5806;-0.5301;-0.4823;-0.4366;-0.3927;-0.3501;-0.3088;-0.2683;-0.2287;-0.1897;-0.1512;-0.113;-0.07521;-0.03756;0
0;0.03616;0.0724;0.1088;0.1455;0.1825;0.2201;0.2582;0.297;0.3367;0.3775;0.4196;0.4634;0.5091;0.5575;0.6094;0.6659;0.7291;0.8023;0.8909;1;0.9009;0.8224;0.7592;0.7061;0.6597;0.6181;0.58;0.5446;0.5114;0.4799;0.4498;0.421;0.3933;0.3665;0.3404;0.3151;0.2904;0.2663;0.2426;0.2193;0.1965;0.1739;0.1516;0.1296;0.1078;0.08614;0.06462;0.04319;0.02183;0.0005053;-0.02082;-0.04219;-0.06362;-0.08515;-0.1068;-0.1286;-0.1507;-0.173;-0.1955;-0.2184;-0.2417;-0.2654;-0.2896;-0.3143;-0.3397;-0.3657;-0.3926;-0.4204;-0.4492;-0.4793;-0.5108;-0.5441;-0.5796;-0.6177;-0.6594;-0.7058;-0.759;-0.8222;-0.9009;-1;-0.8909;-0.8023;-0.729;-0.6658;-0.6093;-0.5575;-0.5091;-0.4633;-0.4196;-0.3775;-0.3367;-0.297;-0.2581;-0.22;-0.1825;-0.1455;-0.1088;-0.07239;-0.03615;0
0;0.03466;0.0694;0.1043;0.1394;0.1749;0.2108;0.2472;0.2843;0.3221;0.361;0.401;0.4424;0.4856;0.5311;0.5795;0.6321;0.6908;0.76;0.851;1;0.8606;0.7793;0.7198;0.6707;0.6279;0.5893;0.5537;0.5205;0.4891;0.4593;0.4308;0.4035;0.377;0.3514;0.3266;0.3024;0.2787;0.2556;0.2329;0.2106;0.1887;0.167;0.1456;0.1245;0.1035;0.08274;0.06207;0.04148;0.02096;0.0004746;-0.02002;-0.04054;-0.06113;-0.08181;-0.1026;-0.1236;-0.1447;-0.1661;-0.1878;-0.2097;-0.2321;-0.2548;-0.2779;-0.3016;-0.3259;-0.3508;-0.3764;-0.4028;-0.4303;-0.4588;-0.4886;-0.52;-0.5533;-0.5889;-0.6276;-0.6705;-0.7195;-0.7792;-0.8605;-1;-0.8509;-0.76;-0.6908;-0.632;-0.5795;-0.531;-0.4855;-0.4423;-0.4009;-0.3609;-0.3221;-0.2843;-0.2472;-0.2108;-0.1749;-0.1394;-0.1043;-0.0694;-0.03466;0
0;0.03309;0.06625;0.09955;0.1331;0.1669;0.201;0.2356;0.2708;0.3066;0.3433;0.3809;0.4196;0.4597;0.5016;0.5455;0.5921;0.6421;0.6961;0.7529;0.8001;0.7621;0.7145;0.6698;0.6291;0.5919;0.5573;0.525;0.4944;0.4653;0.4375;0.4107;0.3849;0.36;0.3357;0.3121;0.2891;0.2665;0.2445;0.2228;0.2015;0.1805;0.1599;0.1394;0.1192;0.09912;0.07921;0.05942;0.03971;0.02007;0.0004444;-0.01918;-0.03883;-0.05854;-0.07834;-0.09825;-0.1183;-0.1386;-0.159;-0.1797;-0.2007;-0.222;-0.2437;-0.2658;-0.2883;-0.3114;-0.335;-0.3593;-0.3843;-0.4102;-0.437;-0.4648;-0.494;-0.5246;-0.557;-0.5916;-0.6289;-0.6696;-0.7144;-0.762;-0.8;-0.7528;-0.696;-0.642;-0.5921;-0.5455;-0.5015;-0.4597;-0.4196;-0.3808;-0.3432;-0.3066;-0.2708;-0.2356;-0.201;-0.1668;-0.133;-0.09954;-0.06624;-0.03309;0
0;0.03145;0.06296;0.09459;0.1264;0.1584;0.1908;0.2235;0.2566;0.2903;0.3246;0.3596;0.3955;0.4322;0.47;0.5089;0.5488;0.5894;0.6293;0.6645;0.6852;0.6733;0.6469;0.6159;0.5841;0.5531;0.5232;0.4945;0.4669;0.4403;0.4146;0.3897;0.3656;0.3421;0.3193;0.297;0.2752;0.2539;0.2329;0.2124;0.1921;0.1722;0.1524;0.133;0.1137;0.09456;0.07557;0.05669;0.03789;0.01914;0.0004149;-0.01831;-0.03706;-0.05586;-0.07475;-0.09375;-0.1129;-0.1322;-0.1517;-0.1714;-0.1914;-0.2116;-0.2322;-0.2532;-0.2746;-0.2964;-0.3187;-0.3416;-0.365;-0.3892;-0.4141;-0.4398;-0.4664;-0.4941;-0.5229;-0.5528;-0.5839;-0.6156;-0.6467;-0.6732;-0.6851;-0.6644;-0.6292;-0.5893;-0.5487;-0.5088;-0.4699;-0.4322;-0.3954;-0.3596;-0.3246;-0.2903;-0.2566;-0.2235;-0.1907;-0.1584;-0.1264;-0.09457;-0.06295;-0.03145;0
0;0.02975;0.05956;0.08945;0.1195;0.1497;0.1802;0.2109;0.242;0.2734;0.3053;0.3376;0.3704;0.4037;0.4373;0.4712;0.5048;0.5374;0.5671;0.5907;0.603;0.5991;0.5839;0.5625;0.5384;0.5133;0.4879;0.4629;0.4383;0.4143;0.3908;0.3679;0.3456;0.3237;0.3024;0.2814;0.2609;0.2408;0.2211;0.2016;0.1824;0.1635;0.1448;0.1263;0.108;0.08985;0.07182;0.05387;0.036;0.01818;0.000386;-0.01741;-0.03524;-0.05311;-0.07106;-0.0891;-0.1073;-0.1256;-0.1441;-0.1628;-0.1817;-0.2009;-0.2204;-0.2402;-0.2603;-0.2809;-0.3018;-0.3232;-0.345;-0.3674;-0.3903;-0.4138;-0.4379;-0.4625;-0.4876;-0.513;-0.5382;-0.5623;-0.5837;-0.5989;-0.6029;-0.5906;-0.567;-0.5373;-0.5047;-0.4711;-0.4372;-0.4036;-0.3703;-0.3376;-0.3052;-0.2734;-0.2419;-0.2109;-0.1801;-0.1497;-0.1195;-0.08944;-0.05955;-0.02975;0
0;0.02801;0.05606;0.08417;0.1124;0.1407;0.1693;0.198;0.2269;0.2561;0.2855;0.3151;0.3449;0.3747;0.4044;0.4337;0.4619;0.4882;0.511;0.5282;0.5371;0.5361;0.5269;0.512;0.4938;0.4736;0.4524;0.4308;0.4092;0.3877;0.3665;0.3456;0.325;0.3048;0.285;0.2655;0.2463;0.2274;0.2088;0.1905;0.1725;0.1546;0.137;0.1195;0.1022;0.08503;0.06797;0.05099;0.03407;0.01721;0.0003577;-0.01649;-0.03336;-0.05028;-0.06726;-0.08433;-0.1015;-0.1188;-0.1363;-0.154;-0.1718;-0.1899;-0.2082;-0.2268;-0.2457;-0.2649;-0.2844;-0.3043;-0.3245;-0.3451;-0.3661;-0.3873;-0.4088;-0.4305;-0.4521;-0.4733;-0.4935;-0.5118;-0.5267;-0.5359;-0.5369;-0.528;-0.5109;-0.4881;-0.4618;-0.4336;-0.4043;-0.3746;-0.3448;-0.315;-0.2854;-0.256;-0.2269;-0.1979;-0.1692;-0.1407;-0.1124;-0.08416;-0.05605;-0.02801;0
0;0.02623;0.05249;0.07879;0.1052;0.1316;0.1582;0.1848;0.2116;0.2385;0.2654;0.2924;0.3193;0.3459;0.372;0.3972;0.421;0.4425;0.4606;0.4738;0.481;0.4813;0.4755;0.465;0.451;0.4348;0.4172;0.3988;0.3799;0.3609;0.3418;0.3229;0.3041;0.2856;0.2672;0.2492;0.2313;0.2137;0.1964;0.1792;0.1623;0.1455;0.129;0.1125;0.09627;0.0801;0.06403;0.04803;0.0321;0.01621;0.0003301;-0.01555;-0.03144;-0.04738;-0.06338;-0.07945;-0.09563;-0.1119;-0.1284;-0.1449;-0.1617;-0.1786;-0.1958;-0.2132;-0.2308;-0.2486;-0.2667;-0.2851;-0.3037;-0.3225;-0.3414;-0.3605;-0.3796;-0.3985;-0.4169;-0.4346;-0.4508;-0.4648;-0.4754;-0.4812;-0.4808;-0.4737;-0.4604;-0.4424;-0.4209;-0.3971;-0.3719;-0.3458;-0.3192;-0.2923;-0.2654;-0.2385;-0.2116;-0.1848;-0.1581;-0.1316;-0.1051;-0.07877;-0.05248;-0.02623;0
0;0.02443;0.04887;0.07334;0.09784;0.1224;0.147;0.1716;0.1962;0.2209;0.2454;0.2698;0.2939;0.3175;0.3404;0.3622;0.3823;0.4002;0.4149;0.4257;0.4317;0.4327;0.429;0.4213;0.4105;0.3975;0.3829;0.3672;0.3508;0.3341;0.3171;0.3;0.283;0.2661;0.2493;0.2326;0.2161;0.1998;0.1837;0.1677;0.1519;0.1363;0.1208;0.1054;0.09021;0.07507;0.06001;0.04502;0.03009;0.01519;0.0003031;-0.01458;-0.02948;-0.04442;-0.05941;-0.07447;-0.08962;-0.1049;-0.1202;-0.1357;-0.1514;-0.1672;-0.1832;-0.1993;-0.2156;-0.2321;-0.2488;-0.2656;-0.2826;-0.2997;-0.3167;-0.3337;-0.3505;-0.3669;-0.3826;-0.3972;-0.4103;-0.4211;-0.4288;-0.4325;-0.4316;-0.4256;-0.4148;-0.4001;-0.3822;-0.3621;-0.3403;-0.3175;-0.2938;-0.2697;-0.2454;-0.2208;-0.1962;-0.1716;-0.1469;-0.1224;-0.09782;-0.07332;-0.04886;-0.02442;0
0;0.02261;0.04523;0.06785;0.09048;0.1131;0.1357;0.1583;0.1809;0.2033;0.2255;0.2475;0.269;0.2899;0.31;0.3288;0.346;0.361;0.3733;0.3822;0.3875;0.3888;0.3864;0.3807;0.3723;0.3617;0.3496;0.3363;0.3222;0.3075;0.2924;0.2772;0.2618;0.2464;0.2311;0.2159;0.2007;0.1857;0.1708;0.156;0.1414;0.1269;0.1125;0.09823;0.08404;0.06995;0.05593;0.04196;0.02804;0.01415;0.0002769;-0.0136;-0.02749;-0.04141;-0.05538;-0.06941;-0.08351;-0.0977;-0.112;-0.1264;-0.1409;-0.1555;-0.1703;-0.1852;-0.2003;-0.2154;-0.2307;-0.2461;-0.2614;-0.2768;-0.2921;-0.3071;-0.3219;-0.336;-0.3493;-0.3615;-0.3721;-0.3805;-0.3862;-0.3886;-0.3873;-0.3821;-0.3732;-0.3609;-0.3459;-0.3287;-0.3099;-0.2899;-0.269;-0.2474;-0.2255;-0.2033;-0.1808;-0.1583;-0.1357;-0.1131;-0.09046;-0.06784;-0.04522;-0.02261;0
0;0.02079;0.04158;0.06236;0.08312;0.1038;0.1245;0.1451;0.1656;0.1859;0.2059;0.2256;0.2448;0.2632;0.2807;0.297;0.3118;0.3245;0.3349;0.3425;0.3472;0.3486;0.3471;0.3428;0.3362;0.3276;0.3175;0.3062;0.294;0.2812;0.268;0.2544;0.2406;0.2268;0.2129;0.199;0.1852;0.1715;0.1578;0.1442;0.1308;0.1174;0.1041;0.09091;0.0778;0.06476;0.05178;0.03886;0.02597;0.0131;0.0002513;-0.0126;-0.02547;-0.03836;-0.05129;-0.06427;-0.07731;-0.09043;-0.1036;-0.1169;-0.1303;-0.1438;-0.1574;-0.171;-0.1848;-0.1986;-0.2125;-0.2264;-0.2403;-0.2541;-0.2676;-0.2809;-0.2938;-0.3059;-0.3173;-0.3274;-0.336;-0.3426;-0.3469;-0.3485;-0.347;-0.3424;-0.3348;-0.3244;-0.3117;-0.297;-0.2807;-0.2632;-0.2447;-0.2256;-0.2059;-0.1859;-0.1656;-0.1451;-0.1245;-0.1038;-0.0831;-0.06234;-0.04157;-0.02079;0
0;0.01897;0.03794;0.05688;0.07578;0.09463;0.1134;0.1321;0.1505;0.1688;0.1867;0.2042;0.2212;0.2374;0.2527;0.2669;0.2795;0.2904;0.2993;0.3059;0.31;0.3115;0.3105;0.3073;0.302;0.295;0.2866;0.277;0.2665;0.2554;0.2438;0.2318;0.2196;0.2072;0.1947;0.1822;0.1696;0.1571;0.1447;0.1323;0.12;0.1078;0.0956;0.08351;0.07148;0.05951;0.04759;0.03571;0.02387;0.01204;0.0002264;-0.01159;-0.02341;-0.03526;-0.04714;-0.05907;-0.07104;-0.08308;-0.09518;-0.1073;-0.1196;-0.1319;-0.1443;-0.1568;-0.1693;-0.1818;-0.1943;-0.2068;-0.2192;-0.2315;-0.2435;-0.2551;-0.2663;-0.2768;-0.2863;-0.2948;-0.3018;-0.3071;-0.3104;-0.3113;-0.3098;-0.3058;-0.2992;-0.2904;-0.2794;-0.2668;-0.2527;-0.2374;-0.2211;-0.2042;-0.1867;-0.1687;-0.1505;-0.132;-0.1134;-0.09461;-0.07577;-0.05686;-0.03793;-0.01897;0
0;0.01716;0.03431;0.05143;0.0685;0.0855;0.1024;0.1191;0.1357;0.152;0.1679;0.1834;0.1984;0.2126;0.2259;0.2381;0.249;0.2584;0.266;0.2717;0.2753;0.2768;0.2763;0.2738;0.2695;0.2638;0.2568;0.2487;0.2397;0.2301;0.22;0.2094;0.1986;0.1876;0.1765;0.1653;0.154;0.1428;0.1315;0.1203;0.1092;0.09808;0.08704;0.07604;0.0651;0.05421;0.04336;0.03254;0.02174;0.01097;0.0002022;-0.01056;-0.02134;-0.03214;-0.04296;-0.05381;-0.06471;-0.07566;-0.08666;-0.09771;-0.1088;-0.12;-0.1312;-0.1424;-0.1537;-0.165;-0.1762;-0.1873;-0.1984;-0.2092;-0.2197;-0.2299;-0.2395;-0.2485;-0.2566;-0.2636;-0.2694;-0.2736;-0.2761;-0.2767;-0.2752;-0.2716;-0.2659;-0.2583;-0.249;-0.2381;-0.2258;-0.2125;-0.1983;-0.1834;-0.1679;-0.1519;-0.1357;-0.1191;-0.1024;-0.08548;-0.06849;-0.05142;-0.03431;-0.01716;0
0;0.01537;0.03072;0.04604;0.0613;0.07647;0.09152;0.1064;0.1211;0.1355;0.1496;0.1632;0.1763;0.1886;0.2002;0.2107;0.2201;0.2281;0.2347;0.2396;0.2428;0.2442;0.2439;0.242;0.2386;0.2339;0.228;0.2212;0.2136;0.2053;0.1966;0.1874;0.1779;0.1682;0.1584;0.1484;0.1384;0.1284;0.1183;0.1083;0.09831;0.08834;0.07841;0.06853;0.05868;0.04887;0.03909;0.02934;0.0196;0.009888;0.0001787;-0.009531;-0.01925;-0.02898;-0.03874;-0.04852;-0.05833;-0.06819;-0.07808;-0.08801;-0.09799;-0.108;-0.118;-0.1281;-0.1381;-0.1481;-0.1581;-0.168;-0.1777;-0.1871;-0.1963;-0.2051;-0.2134;-0.221;-0.2279;-0.2337;-0.2385;-0.2419;-0.2438;-0.2441;-0.2426;-0.2395;-0.2346;-0.2281;-0.22;-0.2107;-0.2001;-0.1886;-0.1762;-0.1631;-0.1495;-0.1355;-0.1211;-0.1064;-0.0915;-0.07645;-0.06128;-0.04603;-0.03072;-0.01537;0
0;0.0136;0.02717;0.04071;0.05418;0.06756;0.08081;0.09391;0.1068;0.1194;0.1317;0.1435;0.1548;0.1655;0.1754;0.1845;0.1925;0.1994;0.205;0.2092;0.212;0.2133;0.2132;0.2117;0.209;0.2051;0.2003;0.1946;0.1881;0.1811;0.1735;0.1656;0.1574;0.149;0.1404;0.1316;0.1228;0.114;0.1051;0.09626;0.0874;0.07857;0.06975;0.06097;0.05222;0.04349;0.03479;0.02611;0.01745;0.008801;0.0001559;-0.008489;-0.01714;-0.0258;-0.03449;-0.04319;-0.05192;-0.06067;-0.06946;-0.07828;-0.08712;-0.09598;-0.1049;-0.1137;-0.1226;-0.1314;-0.1401;-0.1487;-0.1572;-0.1654;-0.1733;-0.1809;-0.1879;-0.1944;-0.2001;-0.205;-0.2089;-0.2116;-0.2131;-0.2132;-0.2119;-0.2091;-0.2049;-0.1993;-0.1924;-0.1844;-0.1754;-0.1655;-0.1548;-0.1435;-0.1316;-0.1194;-0.1068;-0.09388;-0.08079;-0.06754;-0.05416;-0.0407;-0.02716;-0.01359;0
0;0.01184;0.02366;0.03544;0.04715;0.05877;0.07027;0.08161;0.09274;0.1036;0.1142;0.1243;0.134;0.1431;0.1516;0.1593;0.1661;0.1719;0.1766;0.1802;0.1826;0.1838;0.1838;0.1827;0.1805;0.1774;0.1734;0.1686;0.1632;0.1573;0.1509;0.1441;0.1371;0.1299;0.1225;0.1149;0.1073;0.09963;0.09192;0.0842;0.07648;0.06876;0.06107;0.05339;0.04573;0.03809;0.03048;0.02288;0.01529;0.007708;0.0001338;-0.007441;-0.01502;-0.02261;-0.03021;-0.03783;-0.04547;-0.05313;-0.06081;-0.06852;-0.07623;-0.08396;-0.09169;-0.0994;-0.1071;-0.1147;-0.1223;-0.1297;-0.1369;-0.144;-0.1507;-0.1571;-0.1631;-0.1685;-0.1732;-0.1773;-0.1804;-0.1826;-0.1837;-0.1837;-0.1825;-0.1801;-0.1765;-0.1718;-0.166;-0.1592;-0.1515;-0.1431;-0.134;-0.1243;-0.1141;-0.1036;-0.09272;-0.08159;-0.07025;-0.05876;-0.04714;-0.03543;-0.02365;-0.01184;0
0;0.0101;0.02019;0.03023;0.04021;0.05011;0.05989;0.06952;0.07896;0.08816;0.09708;0.1056;0.1138;0.1214;0.1285;0.1349;0.1406;0.1454;0.1494;0.1524;0.1545;0.1555;0.1556;0.1548;0.153;0.1505;0.1472;0.1433;0.1389;0.1339;0.1286;0.123;0.1171;0.111;0.1047;0.0983;0.09182;0.08529;0.07872;0.07214;0.06554;0.05894;0.05236;0.04578;0.03922;0.03268;0.02614;0.01962;0.01311;0.006612;0.0001125;-0.006387;-0.01289;-0.0194;-0.02592;-0.03246;-0.039;-0.04557;-0.05215;-0.05874;-0.06534;-0.07194;-0.07853;-0.0851;-0.09164;-0.09812;-0.1045;-0.1108;-0.1169;-0.1228;-0.1285;-0.1338;-0.1387;-0.1432;-0.1471;-0.1504;-0.1529;-0.1547;-0.1555;-0.1554;-0.1544;-0.1523;-0.1493;-0.1454;-0.1405;-0.1349;-0.1285;-0.1214;-0.1138;-0.1056;-0.09705;-0.08814;-0.07894;-0.0695;-0.05987;-0.05009;-0.0402;-0.03022;-0.02018;-0.0101;0
0;0.008385;0.01675;0.02508;0.03336;0.04156;0.04965;0.05762;0.06541;0.073;0.08034;0.08737;0.09405;0.1003;0.1061;0.1113;0.1159;0.1199;0.1231;0.1256;0.1273;0.1282;0.1283;0.1277;0.1263;0.1243;0.1217;0.1186;0.115;0.111;0.1067;0.102;0.09721;0.09219;0.08702;0.08175;0.0764;0.071;0.06555;0.06008;0.0546;0.04912;0.04364;0.03816;0.0327;0.02724;0.0218;0.01636;0.01094;0.005513;9.192e-05;-0.005329;-0.01075;-0.01618;-0.02162;-0.02707;-0.03252;-0.03799;-0.04347;-0.04895;-0.05444;-0.05992;-0.06539;-0.07084;-0.07625;-0.08161;-0.08688;-0.09205;-0.09708;-0.1019;-0.1065;-0.1109;-0.1149;-0.1185;-0.1216;-0.1242;-0.1262;-0.1276;-0.1282;-0.1281;-0.1272;-0.1256;-0.1231;-0.1199;-0.1159;-0.1113;-0.1061;-0.1003;-0.09403;-0.08735;-0.08032;-0.07298;-0.06539;-0.0576;-0.04964;-0.04155;-0.03335;-0.02508;-0.01675;-0.008383;0
0;0.006685;0.01335;0.01999;0.02659;0.03311;0.03955;0.04588;0.05207;0.05809;0.0639;0.06946;0.07474;0.07967;0.08423;0.08834;0.09198;0.09509;0.09763;0.09958;0.1009;0.1017;0.1018;0.1013;0.1003;0.09876;0.09674;0.09431;0.09151;0.08838;0.08498;0.08135;0.07753;0.07356;0.06947;0.06529;0.06104;0.05674;0.0524;0.04804;0.04367;0.03929;0.03491;0.03054;0.02617;0.0218;0.01745;0.0131;0.008753;0.004411;7.206e-05;-0.004267;-0.008609;-0.01295;-0.01731;-0.02166;-0.02603;-0.0304;-0.03478;-0.03916;-0.04354;-0.04792;-0.05228;-0.05662;-0.06092;-0.06518;-0.06936;-0.07346;-0.07743;-0.08125;-0.08488;-0.08829;-0.09142;-0.09423;-0.09667;-0.09869;-0.1002;-0.1013;-0.1017;-0.1016;-0.1009;-0.09954;-0.09759;-0.09505;-0.09194;-0.08831;-0.0842;-0.07965;-0.07471;-0.06944;-0.06388;-0.05807;-0.05205;-0.04587;-0.03954;-0.0331;-0.02658;-0.01999;-0.01335;-0.006683;0
0;0.005;0.009988;0.01495;0.01988;0.02475;0.02956;0.03428;0.0389;0.04338;0.0477;0.05184;0.05576;0.05942;0.06279;0.06584;0.06853;0.07083;0.07272;0.07417;0.07517;0.07573;0.07583;0.07551;0.07478;0.07366;0.07219;0.07041;0.06834;0.06604;0.06353;0.06084;0.05801;0.05506;0.05202;0.0489;0.04573;0.04252;0.03928;0.03602;0.03274;0.02947;0.02618;0.02291;0.01963;0.01636;0.01309;0.009826;0.006566;0.003309;5.294e-05;-0.003203;-0.006461;-0.009721;-0.01299;-0.01625;-0.01953;-0.0228;-0.02609;-0.02937;-0.03265;-0.03592;-0.03919;-0.04243;-0.04565;-0.04882;-0.05194;-0.05498;-0.05793;-0.06077;-0.06346;-0.06597;-0.06828;-0.07035;-0.07214;-0.07361;-0.07473;-0.07547;-0.07579;-0.07569;-0.07514;-0.07414;-0.07269;-0.0708;-0.06851;-0.06582;-0.06277;-0.0594;-0.05574;-0.05182;-0.04769;-0.04337;-0.03889;-0.03427;-0.02955;-0.02475;-0.01987;-0.01495;-0.009985;-0.004999;0
0;0.003326;0.006645;0.009947;0.01322;0.01646;0.01966;0.02279;0.02586;0.02883;0.0317;0.03444;0.03703;0.03945;0.04168;0.0437;0.04547;0.04699;0.04824;0.0492;0.04987;0.05024;0.05032;0.05012;0.04964;0.04891;0.04795;0.04678;0.04543;0.04391;0.04225;0.04048;0.03861;0.03665;0.03464;0.03257;0.03046;0.02833;0.02617;0.024;0.02182;0.01964;0.01746;0.01527;0.01309;0.01091;0.008728;0.006552;0.004378;0.002206;3.456e-05;-0.002137;-0.004309;-0.006483;-0.00866;-0.01084;-0.01302;-0.0152;-0.01739;-0.01958;-0.02176;-0.02394;-0.02611;-0.02827;-0.03041;-0.03251;-0.03458;-0.0366;-0.03856;-0.04043;-0.04221;-0.04387;-0.04539;-0.04674;-0.04792;-0.04888;-0.04961;-0.05009;-0.05029;-0.05022;-0.04985;-0.04918;-0.04822;-0.04698;-0.04546;-0.04368;-0.04167;-0.03944;-0.03702;-0.03443;-0.03169;-0.02882;-0.02585;-0.02279;-0.01965;-0.01646;-0.01322;-0.009944;-0.006643;-0.003326;0
0;0.001661;0.003318;0.004967;0.006603;0.00822;0.009814;0.01138;0.01291;0.01439;0.01582;0.01718;0.01847;0.01968;0.02079;0.02179;0.02267;0.02343;0.02405;0.02453;0.02486;0.02505;0.02509;0.02499;0.02476;0.0244;0.02392;0.02334;0.02267;0.02192;0.0211;0.02021;0.01928;0.01831;0.0173;0.01627;0.01522;0.01416;0.01308;0.012;0.01091;0.00982;0.008728;0.007635;0.006544;0.005453;0.004364;0.003276;0.002189;0.001103;1.691e-05;-0.001069;-0.002155;-0.003243;-0.004331;-0.00542;-0.006511;-0.007603;-0.008696;-0.009788;-0.01088;-0.01197;-0.01305;-0.01413;-0.0152;-0.01625;-0.01728;-0.01828;-0.01926;-0.02019;-0.02107;-0.0219;-0.02265;-0.02333;-0.02391;-0.02438;-0.02474;-0.02498;-0.02508;-0.02504;-0.02485;-0.02452;-0.02404;-0.02342;-0.02266;-0.02178;-0.02078;-0.01967;-0.01847;-0.01718;-0.01581;-0.01438;-0.0129;-0.01138;-0.009812;-0.008218;-0.006601;-0.004966;-0.003317;-0.001661;0
0;0;0;0;0;0;0;0;0;0;0;0;0;0;0;0;0;0;0;0;0;0;0;0;0;0;0;0;0;0;0;0;0;0;0;0;0;0;0;0;0;0;0;0;0;0;0;0;0;0;0;0;0;0;0;0;0;0;0;0;0;0;0;0;0;0;0;0;0;0;0;0;0;0;0;0;0;0;0;0;0;0;0;0;0;0;0;0;0;0;0;0;0;0;0;0;0;0;0;0;0
